"","unicef_country","days_academic_break","days_fully_closed","days_fully_open","days_partially_closed","instruction_days","tracking_or_monitoring_of_student_learning","content_need_sensitive","Support_vulnerable","usage_of_remote_learning_platforms","parental_caregiver_support","curriculum_coverage","access_to_remote_learning","teacher_support","quality_remote_platform_content","date","c1_school_closing","c2_workplace_closing","c3_cancel_public_events","c4_restrictions_on_gatherings","c5_close_public_transport","c6_stay_at_home_requirements","c7_restrictions_on_internal_movement","c8_international_travel_controls","e1_income_support","e2_debt_contract_relief","e3_fiscal_measures","e4_international_support","h1_public_information_campaigns","h2_testing_policy","h3_contact_tracing","h4_emergency_investment_in_healthcare","h5_investment_in_vaccines","h6_facial_coverings","h7_vaccination_policy","h8_protection_of_elderly_people","confirmed_cases","confirmed_deaths","stringency_index","government_response_index","economic_support_index","DV_Edu_prior_index","category"
"1","Afghanistan",1531,355,985,1087,1531,1000,2000,2000,0,1000,3000,2000,2000,2000,20200715,3000,3000,2000,4000,2000,2000,2000,1000,0,0,0,0,2000,1000,1000,0,0,3000,0,3000,35026,1098,78.7,60.42,0,25489,"high"
"2","Afghanistan",1531,355,985,1087,1531,1000,2000,2000,0,1000,3000,2000,2000,2000,20200815,2000,2000,0,4000,2000,2000,2000,1000,0,0,0,0,2000,1000,1000,0,0,3000,0,3000,37637,1374,60.19,50,0,24489,"middle"
"3","Afghanistan",1531,355,985,1087,1531,1000,2000,2000,0,1000,3000,2000,2000,2000,20200915,2000,0,0,0,0,0,0,1000,0,0,0,0,2000,3000,1000,0,0,3000,0,0,38901,1430,21.3,26.04,0,24489,"middle"
"4","Afghanistan",1531,355,985,1087,1531,1000,2000,2000,0,1000,3000,2000,2000,2000,20201015,1000,2000,0,0,0,0,0,0,0,0,0,0,1000,3000,1000,0,0,2000,0,0,40112,1485,16.67,21.88,0,23489,"middle"
"5","Afghanistan",1531,355,985,1087,1531,1000,2000,2000,0,1000,3000,2000,2000,2000,20201115,1000,0,0,0,0,0,0,1000,0,0,0,0,1000,3000,NA,0,0,3000,0,0,43035,1605,12.04,17.71,0,23489,"middle"
"6","Afghanistan",1531,355,985,1087,1531,1000,2000,2000,0,1000,3000,2000,2000,2000,20201215,1000,0,0,0,0,0,0,1000,0,0,0,0,1000,3000,1000,0,0,3000,0,0,49484,1975,12.04,20.83,0,23489,"middle"
"7","United Arab Emirates",355,229,1,1525,355,3000,3000,2000,3,3000,3000,3000,3000,3000,20200715,2000,1000,2000,4000,1000,0,1000,2000,0,2000,0,0,2000,3000,2000,0,0,3000,0,0,55848,335,56.48,55.21,50,30465,"high"
"8","United Arab Emirates",355,229,1,1525,355,3000,3000,2000,3,3000,3000,3000,3000,3000,20200815,2000,1000,2000,4000,1000,0,1000,2000,0,2000,0,0,2000,3000,2000,0,0,3000,0,0,64102,361,56.48,55.21,50,30465,"high"
"9","United Arab Emirates",355,229,1,1525,355,3000,3000,2000,3,3000,3000,3000,3000,3000,20200915,1000,1000,2000,4000,1000,0,1000,2000,0,2000,0,0,2000,3000,2000,0,0,3000,0,0,80940,401,54.63,54.17,50,29465,"high"
"10","United Arab Emirates",355,229,1,1525,355,3000,3000,2000,3,3000,3000,3000,3000,3000,20201015,1000,1000,2000,4000,1000,0,1000,2000,0,2000,0,0,2000,3000,2000,0,0,3000,0,0,111437,452,54.63,54.17,50,29465,"high"
"11","United Arab Emirates",355,229,1,1525,355,3000,3000,2000,3,3000,3000,3000,3000,3000,20201115,1000,1000,2000,4000,0,0,1000,2000,0,2000,0,0,2000,3000,2000,0,NA,4000,0,0,150345,530,49.07,52.6,50,29465,"high"
"12","United Arab Emirates",355,229,1,1525,355,3000,3000,2000,3,3000,3000,3000,3000,3000,20201215,1000,1000,2000,4000,0,0,1000,2000,0,2000,0,0,2000,3000,2000,0,0,3000,1000,0,187267,622,49.07,52.29,50,29465,"high"
"13","Benin",547,1267,1489,823,547,1000,1000,1000,1,1000,1000,2000,1000,2000,20200715,2000,1000,1000,3000,0,0,0,2000,2000,1000,0,0,2000,2000,2000,0,0,3000,0,0,1378,26,41.67,46.35,62.5,18673,"low"
"14","Benin",547,1267,1489,823,547,1000,1000,1000,1,1000,1000,2000,1000,2000,20200815,2000,1000,1000,3000,0,0,0,2000,2000,1000,0,0,2000,2000,2000,0,0,3000,0,0,2063,39,41.67,46.35,62.5,18673,"low"
"15","Benin",547,1267,1489,823,547,1000,1000,1000,1,1000,1000,2000,1000,2000,20200915,2000,1000,1000,3000,0,0,1000,2000,2000,1000,0,0,2000,2000,2000,0,0,3000,0,0,2267,40,47.22,49.48,62.5,18673,"low"
"16","Benin",547,1267,1489,823,547,1000,1000,1000,1,1000,1000,2000,1000,2000,20201015,2000,1000,1000,3000,0,0,1000,2000,2000,1000,0,0,2000,2000,2000,0,0,3000,0,0,2496,41,47.22,49.48,62.5,18673,"low"
"17","Benin",547,1267,1489,823,547,1000,1000,1000,1,1000,1000,2000,1000,2000,20201115,1000,1000,2000,3000,0,0,0,1000,2000,1000,0,0,2000,2000,2000,0,0,4000,0,0,2844,43,40.74,47.4,62.5,17673,"low"
"18","Benin",547,1267,1489,823,547,1000,1000,1000,1,1000,1000,2000,1000,2000,20201215,1000,1000,1000,3000,0,0,0,1000,2000,1000,0,0,2000,1000,2000,0,0,4000,0,0,3090,44,35.19,42.19,62.5,17673,"low"
"19","Burkina Faso",73,907,1339,1189,73,2000,2000,2000,3,3000,3000,3000,3000,3000,20200715,0,0,2000,3000,0,1000,0,4000,0,0,0,0,2000,1000,2000,0,0,3000,0,0,1038,53,45.37,38.54,0,27581,"high"
"20","Burkina Faso",73,907,1339,1189,73,2000,2000,2000,3,3000,3000,3000,3000,3000,20200815,0,0,2000,3000,0,1000,2000,2000,0,0,0,0,2000,1000,2000,0,0,3000,0,0,1240,54,48.15,40.1,0,27581,"high"
"21","Burkina Faso",73,907,1339,1189,73,2000,2000,2000,3,3000,3000,3000,3000,3000,20200915,0,0,2000,3000,0,0,0,2000,0,0,0,0,2000,3000,2000,0,0,3000,0,0,1733,56,36.11,37.5,0,27581,"high"
"22","Burkina Faso",73,907,1339,1189,73,2000,2000,2000,3,3000,3000,3000,3000,3000,20201015,0,0,2000,3000,0,0,0,1000,0,0,0,0,2000,3000,2000,0,0,3000,0,0,2335,65,33.33,35.94,0,27581,"high"
"23","Burkina Faso",73,907,1339,1189,73,2000,2000,2000,3,3000,3000,3000,3000,3000,20201115,0,0,0,3000,0,0,0,1000,0,0,0,0,2000,3000,2000,0,0,2000,0,0,2641,68,22.22,28.12,0,27581,"high"
"24","Burkina Faso",73,907,1339,1189,73,2000,2000,2000,3,3000,3000,3000,3000,3000,20201215,0,0,0,0,0,0,0,1000,0,0,0,0,2000,3000,2000,0,0,3000,0,0,4300,73,13.89,25,0,27581,"high"
"25","Bangladesh",1513,13,793,1525,1513,2000,2000,1000,3,2000,3000,3000,2000,3000,20200715,3000,1000,2000,4000,1000,2000,2000,3000,0,2000,0,0,2000,2000,1000,0,0,4000,0,0,193590,2457,74.54,61.72,50,29357,"high"
"26","Bangladesh",1513,13,793,1525,1513,2000,2000,1000,3,2000,3000,3000,2000,3000,20200815,3000,3000,2000,4000,1000,2000,2000,3000,0,2000,0,0,2000,2000,1000,0,0,4000,0,0,274525,3625,80.09,64.84,50,29357,"high"
"27","Bangladesh",1513,13,793,1525,1513,2000,2000,1000,3,2000,3000,3000,2000,3000,20200915,3000,3000,2000,4000,1000,2000,2000,3000,0,2000,0,0,2000,2000,1000,0,0,4000,0,0,341056,4802,80.09,64.84,50,29357,"high"
"28","Bangladesh",1513,13,793,1525,1513,2000,2000,1000,3,2000,3000,3000,2000,3000,20201015,3000,3000,2000,4000,1000,2000,2000,3000,0,2000,0,0,2000,2000,1000,0,0,4000,0,0,384559,5608,80.09,64.84,50,29357,"high"
"29","Bangladesh",1513,13,793,1525,1513,2000,2000,1000,3,2000,3000,3000,2000,3000,20201115,3000,3000,2000,4000,2000,2000,2000,3000,0,2000,0,0,2000,2000,1000,0,0,4000,0,0,432333,6194,80.09,64.84,50,29357,"high"
"30","Bangladesh",1513,13,793,1525,1513,2000,2000,1000,3,2000,3000,3000,2000,3000,20201215,3000,3000,2000,4000,2000,2000,2000,3000,0,2000,0,0,2000,2000,1000,0,0,4000,1000,0,494209,7129,80.09,66.09,50,29357,"high"
"31","Bulgaria",229,523,919,913,229,1000,1000,1000,2,1000,3000,2000,2000,3000,20200715,2000,1000,1000,1000,0,0,0,3000,2000,1000,0,0,2000,1000,2000,0,0,2000,0,0,7877,289,36.11,39.58,62.5,21813,"low"
"32","Bulgaria",229,523,919,913,229,1000,1000,1000,2,1000,3000,2000,2000,3000,20200815,2000,1000,1000,2000,0,0,0,3000,2000,1000,0,0,2000,1000,2000,0,0,2000,0,0,14333,495,38.89,41.15,62.5,21813,"low"
"33","Bulgaria",229,523,919,913,229,1000,1000,1000,2,1000,3000,2000,2000,3000,20200915,1000,1000,1000,1000,0,0,0,3000,2000,1000,0,0,2000,1000,2000,0,0,2000,0,0,18216,736,35.19,39.06,62.5,20813,"low"
"34","Bulgaria",229,523,919,913,229,1000,1000,1000,2,1000,3000,2000,2000,3000,20201015,1000,1000,1000,1000,0,0,0,3000,2000,1000,0,0,2000,1000,2000,0,0,2000,0,0,27507,944,35.19,39.06,62.5,20813,"low"
"35","Bulgaria",229,523,919,913,229,1000,1000,1000,2,1000,3000,2000,2000,3000,20201115,2000,2000,1000,3000,0,0,0,3000,2000,1000,0,0,2000,1000,2000,0,0,3000,0,0,98251,2130,48.15,47.92,62.5,21813,"low"
"36","Bulgaria",229,523,919,913,229,1000,1000,1000,2,1000,3000,2000,2000,3000,20201215,2000,3000,2000,2000,0,0,0,3000,1000,2000,0,0,2000,1000,2000,0,0,3000,0,0,184287,6005,54.63,53.12,75,21813,"low"
"37","Bosnia and Herzegovina",133,865,1,367,133,2000,1000,1000,2,1000,2000,3000,2000,2000,20200715,3000,1000,2000,2000,0,0,1000,3000,0,0,0,0,2000,1000,0,0,0,3000,0,3000,7411,235,56.48,43.75,0,20499,"low"
"38","Bosnia and Herzegovina",133,865,1,367,133,2000,1000,1000,2,1000,2000,3000,2000,2000,20200815,3000,1000,2000,3000,0,0,1000,3000,0,0,0,0,2000,2000,0,0,0,3000,0,3000,15801,471,59.26,47.4,0,20499,"low"
"39","Bosnia and Herzegovina",133,865,1,367,133,2000,1000,1000,2,1000,2000,3000,2000,2000,20200915,1000,1000,2000,3000,0,0,0,1000,0,0,0,0,2000,2000,0,0,0,3000,0,3000,23929,725,40.74,36.98,0,18499,"low"
"40","Bosnia and Herzegovina",133,865,1,367,133,2000,1000,1000,2,1000,2000,3000,2000,2000,20201015,1000,1000,2000,3000,0,0,0,1000,0,0,0,0,2000,2000,0,0,0,3000,0,3000,32224,972,40.74,36.98,0,18499,"low"
"41","Bosnia and Herzegovina",133,865,1,367,133,2000,1000,1000,2,1000,2000,3000,2000,2000,20201115,2000,1000,2000,3000,0,2000,0,1000,0,0,0,0,2000,2000,0,0,0,3000,0,3000,71956,1889,50,42.19,0,19499,"low"
"42","Bosnia and Herzegovina",133,865,1,367,133,2000,1000,1000,2,1000,2000,3000,2000,2000,20201215,1000,1000,2000,3000,0,2000,0,1000,0,0,0,0,2000,2000,0,0,0,3000,0,3000,102330,3457,48.15,41.15,0,18499,"low"
"43","Belarus",169,1333,1651,1525,169,3000,1000,1000,3,2000,3000,2000,2000,3000,20200715,0,0,1000,4000,0,1000,0,2000,0,0,0,0,1000,3000,2000,0,0,1000,0,1000,65443,480,31.48,33.85,0,24847,"middle"
"44","Belarus",169,1333,1651,1525,169,3000,1000,1000,3,2000,3000,2000,2000,3000,20200815,0,0,1000,4000,0,1000,0,2000,0,0,0,0,1000,3000,2000,0,0,1000,0,1000,69308,603,31.48,33.85,0,24847,"middle"
"45","Belarus",169,1333,1651,1525,169,3000,1000,1000,3,2000,3000,2000,2000,3000,20200915,0,0,1000,4000,0,1000,0,2000,0,0,0,0,1000,3000,2000,0,0,1000,0,1000,74552,761,31.48,33.85,0,24847,"middle"
"46","Belarus",169,1333,1651,1525,169,3000,1000,1000,3,2000,3000,2000,2000,3000,20201015,0,0,1000,4000,0,1000,0,2000,0,0,0,0,1000,3000,2000,0,0,1000,0,1000,85734,916,31.48,33.85,0,24847,"middle"
"47","Belarus",169,1333,1651,1525,169,3000,1000,1000,3,2000,3000,2000,2000,3000,20201115,0,0,1000,4000,0,1000,0,4000,0,0,0,0,1000,3000,2000,0,0,3000,0,1000,114185,1046,37.04,39.32,0,24847,"middle"
"48","Belarus",169,1333,1651,1525,169,3000,1000,1000,3,2000,3000,2000,2000,3000,20201215,0,0,1000,4000,0,1000,0,4000,0,0,0,0,1000,3000,2000,0,0,3000,0,1000,164059,1282,37.04,39.32,0,24847,"middle"
"49","Barbados",385,931,919,499,385,1000,2000,1000,2,2000,2000,2000,2000,2000,20200715,2000,2000,1000,2000,1000,1000,1000,1000,1000,1000,0,0,2000,2000,2000,0,0,2000,0,2000,104,7,54.63,53.12,37.5,21119,"low"
"50","Barbados",385,931,919,499,385,1000,2000,1000,2,2000,2000,2000,2000,2000,20200815,2000,1000,1000,0,1000,1000,1000,2000,1000,1000,0,0,2000,2000,2000,0,0,2000,0,2000,150,7,48.15,49.48,37.5,21119,"low"
"51","Barbados",385,931,919,499,385,1000,2000,1000,2,2000,2000,2000,2000,2000,20200915,2000,1000,1000,0,1000,0,0,2000,1000,2000,0,0,2000,2000,2000,0,0,2000,0,2000,184,7,38.89,47.4,62.5,21119,"low"
"52","Barbados",385,931,919,499,385,1000,2000,1000,2,2000,2000,2000,2000,2000,20201015,1000,1000,1000,0,0,0,0,2000,1000,2000,0,0,2000,2000,2000,0,0,2000,0,2000,218,7,29.63,42.19,62.5,20119,"low"
"53","Barbados",385,931,919,499,385,1000,2000,1000,2,2000,2000,2000,2000,2000,20201115,1000,1000,1000,2000,1000,0,0,2000,1000,2000,0,0,2000,2000,2000,0,0,2000,0,2000,250,7,40.74,48.44,62.5,20119,"low"
"54","Barbados",385,931,919,499,385,1000,2000,1000,2,2000,2000,2000,2000,2000,20201215,1000,1000,1000,2000,1000,0,0,2000,1000,2000,0,0,2000,2000,2000,0,0,2000,0,2000,297,7,40.74,48.44,62.5,20119,"low"
"55","Bhutan",1675,427,583,313,1675,1000,3000,2000,2,3000,2000,2000,2000,2000,20200715,2000,2000,1000,3000,0,1000,2000,3000,2000,2000,0,0,2000,2000,2000,0,0,2000,0,1000,84,0,62.96,61.98,87.5,25673,"high"
"56","Bhutan",1675,427,583,313,1675,1000,3000,2000,2,3000,2000,2000,2000,2000,20200815,3000,3000,2000,4000,2000,3000,2000,3000,2000,2000,0,0,2000,2000,2000,0,0,4000,0,1000,133,0,97.22,84.38,87.5,26673,"high"
"57","Bhutan",1675,427,583,313,1675,1000,3000,2000,2,3000,2000,2000,2000,2000,20200915,3000,3000,2000,4000,2000,3000,2000,3000,2000,2000,0,0,2000,2000,2000,0,0,4000,0,1000,246,0,87.5,78.91,87.5,26673,"high"
"58","Bhutan",1675,427,583,313,1675,1000,3000,2000,2,3000,2000,2000,2000,2000,20201015,2000,2000,2000,3000,1000,2000,2000,3000,0,2000,0,0,2000,2000,2000,0,0,4000,0,1000,316,0,77.78,68.75,50,25673,"high"
"59","Bhutan",1675,427,583,313,1675,1000,3000,2000,2,3000,2000,2000,2000,2000,20201115,2000,2000,2000,3000,0,2000,2000,1000,0,2000,0,0,2000,2000,2000,0,0,4000,0,1000,375,0,66.67,62.5,50,25673,"high"
"60","Bhutan",1675,427,583,313,1675,1000,3000,2000,2,3000,2000,2000,2000,2000,20201215,2000,1000,2000,3000,0,1000,2000,3000,1000,2000,0,0,2000,2000,2000,0,0,4000,0,1000,439,0,64.81,64.58,75,25673,"high"
"61","Colombia",451,355,685,805,451,1000,2000,1000,1,2000,2000,1000,2000,3000,20200715,3000,3000,2000,4000,1000,2000,2000,4000,1000,2000,0,0,2000,2000,2000,0,0,4000,0,3000,165169,5814,87.04,81.25,75,22747,"middle"
"62","Colombia",451,355,685,805,451,1000,2000,1000,1,2000,2000,1000,2000,3000,20200815,3000,3000,2000,4000,1000,2000,2000,4000,1000,2000,0,0,2000,2000,2000,0,0,4000,0,3000,456689,14810,87.04,80.21,75,22747,"middle"
"63","Colombia",451,355,685,805,451,1000,2000,1000,1,2000,2000,1000,2000,3000,20200915,3000,1000,2000,3000,1000,1000,1000,4000,1000,2000,0,0,2000,2000,0,0,0,1000,0,3000,728590,23288,71.3,60.42,75,22747,"middle"
"64","Colombia",451,355,685,805,451,1000,2000,1000,1,2000,2000,1000,2000,3000,20201015,3000,1000,2000,3000,1000,1000,1000,4000,1000,2000,0,0,2000,2000,0,0,0,1000,0,1000,936982,28457,71.3,57.29,75,22747,"middle"
"65","Colombia",451,355,685,805,451,1000,2000,1000,1,2000,2000,1000,2000,3000,20201115,3000,1000,1000,3000,1000,1000,1000,4000,1000,2000,0,31600666000,2000,2000,2000,0,0,1000,0,1000,1198746,34031,65.74,60.42,75,22747,"middle"
"66","Colombia",451,355,685,805,451,1000,2000,1000,1,2000,2000,1000,2000,3000,20201215,2000,1000,1000,3000,1000,1000,1000,4000,1000,2000,0,0,2000,2000,2000,0,0,1000,0,1000,1444646,39356,60.19,57.29,75,21747,"low"
"67","Costa Rica",1273,187,793,1525,1273,1000,2000,2000,2,2000,2000,2000,2000,2000,20200715,3000,2000,2000,3000,0,1000,2000,4000,1000,1000,0,0,2000,1000,1000,0,0,2000,0,0,8986,40,73.61,55.99,50,25051,"middle"
"68","Costa Rica",1273,187,793,1525,1273,1000,2000,2000,2,2000,2000,2000,2000,2000,20200815,3000,2000,2000,3000,0,1000,2000,3000,1000,1000,0,0,2000,1000,1000,0,0,2000,0,0,27737,291,72.22,55.21,50,25051,"middle"
"69","Costa Rica",1273,187,793,1525,1273,1000,2000,2000,2,2000,2000,2000,2000,2000,20200915,3000,3000,2000,3000,0,1000,0,3000,1000,1000,0,0,2000,1000,1000,0,0,2000,0,2000,58137,633,62.96,54.17,50,25051,"middle"
"70","Costa Rica",1273,187,793,1525,1273,1000,2000,2000,2,2000,2000,2000,2000,2000,20201015,3000,2000,2000,3000,0,1000,0,2000,1000,1000,0,0,2000,1000,1000,0,0,2000,0,2000,93152,1159,58.33,51.56,50,25051,"middle"
"71","Costa Rica",1273,187,793,1525,1273,1000,2000,2000,2,2000,2000,2000,2000,2000,20201115,3000,2000,2000,3000,0,1000,0,1000,1000,1000,0,0,2000,1000,1000,0,0,3000,0,2000,123223,1546,55.56,51.56,50,25051,"middle"
"72","Costa Rica",1273,187,793,1525,1273,1000,2000,2000,2,2000,2000,2000,2000,2000,20201215,3000,2000,2000,3000,0,1000,0,1000,1000,1000,0,0,2000,1000,1000,0,0,3000,0,2000,154096,1956,55.56,51.56,50,25051,"middle"
"73","Cuba",1291,535,1279,913,1291,2000,2000,2000,3,3000,3000,3000,2000,2000,20200715,3000,1000,2000,4000,0,0,2000,4000,0,2000,0,0,2000,1000,2000,0,0,3000,0,0,2438,87,68.52,57.81,50,29309,"high"
"74","Cuba",1291,535,1279,913,1291,2000,2000,2000,3,3000,3000,3000,2000,2000,20200815,3000,2000,2000,4000,2000,1000,2000,4000,0,2000,0,0,2000,3000,2000,0,0,3000,0,2000,3292,88,82.41,72.92,50,29309,"high"
"75","Cuba",1291,535,1279,913,1291,2000,2000,2000,3,3000,3000,3000,2000,2000,20200915,3000,2000,2000,4000,2000,2000,2000,4000,0,2000,0,0,2000,3000,2000,0,0,3000,0,2000,4803,108,86.11,75,50,29309,"high"
"76","Cuba",1291,535,1279,913,1291,2000,2000,2000,3,3000,3000,3000,2000,2000,20201015,3000,2000,2000,4000,1000,0,2000,1000,0,2000,0,0,2000,1000,2000,0,0,3000,0,0,6062,123,64.81,55.73,50,29309,"high"
"77","Cuba",1291,535,1279,913,1291,2000,2000,2000,3,3000,3000,3000,2000,2000,20201115,1000,2000,2000,4000,1000,0,2000,1000,0,2000,0,0,2000,1000,2000,0,0,3000,0,0,7590,131,59.26,52.6,50,27309,"high"
"78","Cuba",1291,535,1279,913,1291,2000,2000,2000,3,3000,3000,3000,2000,2000,20201215,1000,2000,2000,4000,1000,0,2000,1000,0,2000,0,0,2000,1000,2000,0,0,3000,0,0,9588,137,56.48,51.04,50,27309,"high"
"79","Dominica",889,505,1465,1525,889,1000,2000,1000,2,2000,2000,2000,2000,2000,20200715,3000,0,1000,2000,0,0,0,4000,1000,2000,0,0,2000,3000,2000,0,0,3000,0,1000,18,0,44.44,53.65,75,24273,"middle"
"80","Dominica",889,505,1465,1525,889,1000,2000,1000,2,2000,2000,2000,2000,2000,20200815,3000,0,1000,2000,0,0,0,1000,1000,2000,0,0,2000,3000,2000,0,0,3000,0,1000,18,0,36.11,48.96,75,24273,"middle"
"81","Dominica",889,505,1465,1525,889,1000,2000,1000,2,2000,2000,2000,2000,2000,20200915,1000,0,1000,2000,0,0,0,1000,1000,2000,0,0,2000,3000,2000,0,0,3000,0,1000,24,0,28.7,44.79,75,22273,"middle"
"82","Dominica",889,505,1465,1525,889,1000,2000,1000,2,2000,2000,2000,2000,2000,20201015,1000,0,1000,2000,0,0,0,2000,1000,0,0,0,2000,3000,2000,0,0,3000,0,1000,33,0,31.48,40.1,25,22273,"middle"
"83","Dominica",889,505,1465,1525,889,1000,2000,1000,2,2000,2000,2000,2000,2000,20201115,1000,0,0,1000,2000,0,0,2000,1000,0,0,0,2000,3000,2000,0,0,3000,0,1000,68,0,34.26,41.67,25,22273,"middle"
"84","Dominica",889,505,1465,1525,889,1000,2000,1000,2,2000,2000,2000,2000,2000,20201215,1000,1000,2000,3000,0,2000,0,2000,1000,1000,0,0,2000,2000,2000,0,0,3000,0,1000,88,0,50.93,52.08,50,22273,"middle"
"85","Dominican Republic",463,217,805,1525,463,1000,1000,1000,1,1000,2000,2000,2000,2000,20200715,3000,2000,2000,4000,1000,1000,2000,1000,1000,0,0,0,2000,2000,1000,0,0,3000,0,3000,47671,929,75,63.54,25,20473,"low"
"86","Dominican Republic",463,217,805,1525,463,1000,1000,1000,1,1000,2000,2000,2000,2000,20200815,3000,2000,2000,4000,1000,2000,2000,1000,1000,0,0,0,2000,2000,1000,0,0,3000,0,3000,85545,1438,78.7,65.62,25,20473,"low"
"87","Dominican Republic",463,217,805,1525,463,1000,1000,1000,1,1000,2000,2000,2000,2000,20200915,3000,2000,2000,4000,1000,2000,2000,1000,1000,0,0,0,2000,2000,1000,0,0,3000,0,3000,104803,1998,78.7,65.62,25,20473,"low"
"88","Dominican Republic",463,217,805,1525,463,1000,1000,1000,1,1000,2000,2000,2000,2000,20201015,3000,2000,2000,4000,1000,2000,0,1000,1000,0,0,0,2000,2000,1000,0,0,3000,0,3000,120066,2189,67.59,59.38,25,20473,"low"
"89","Dominican Republic",463,217,805,1525,463,1000,1000,1000,1,1000,2000,2000,2000,2000,20201115,3000,2000,2000,3000,1000,2000,0,1000,1000,0,0,0,2000,2000,1000,0,0,3000,0,3000,133724,2285,64.81,57.81,25,20473,"low"
"90","Dominican Republic",463,217,805,1525,463,1000,1000,1000,1,1000,2000,2000,2000,2000,20201215,3000,2000,2000,3000,1000,2000,0,1000,1000,0,0,0,2000,2000,1000,0,0,3000,0,3000,155797,2367,62.96,56.77,25,20473,"low"
"91","Ecuador",619,223,583,1273,619,1000,2000,1000,2,2000,1000,2000,2000,3000,20200715,3000,2000,2000,3000,2000,2000,2000,3000,1000,2000,0,0,2000,2000,1000,0,0,3000,0,2000,70329,5158,79.63,70.31,75,23317,"middle"
"92","Ecuador",619,223,583,1273,619,1000,2000,1000,2,2000,1000,2000,2000,3000,20200815,3000,2000,2000,4000,1000,2000,2000,3000,1000,2000,0,0,2000,2000,1000,0,0,3000,0,2000,100688,6065,76.39,68.49,75,23317,"middle"
"93","Ecuador",619,223,583,1273,619,1000,2000,1000,2,2000,1000,2000,2000,3000,20200915,3000,2000,2000,3000,0,0,0,2000,1000,2000,0,0,2000,2000,1000,0,0,3000,0,2000,119553,10963,51.39,54.43,75,23317,"middle"
"94","Ecuador",619,223,583,1273,619,1000,2000,1000,2,2000,1000,2000,2000,3000,20201015,3000,2000,2000,3000,0,0,0,2000,1000,2000,0,0,2000,2000,1000,0,0,3000,0,2000,150360,12306,51.39,54.43,75,23317,"middle"
"95","Ecuador",619,223,583,1273,619,1000,2000,1000,2,2000,1000,2000,2000,3000,20201115,3000,2000,2000,3000,0,0,0,2000,1000,2000,0,0,2000,2000,1000,0,0,3000,0,2000,180295,13008,52.78,55.21,75,23317,"middle"
"96","Ecuador",619,223,583,1273,619,1000,2000,1000,2,2000,1000,2000,2000,3000,20201215,3000,2000,2000,4000,0,0,0,2000,1000,2000,0,0,2000,2000,1000,0,0,3000,0,2000,202356,13896,55.56,56.77,75,23317,"middle"
"97","Fiji",1543,841,1597,1495,1543,1000,1000,1000,1,1000,2000,2000,1000,2000,20200715,1000,2000,1000,2000,0,2000,1000,4000,1000,2000,0,0,2000,3000,2000,0,0,2000,0,2000,26,0,54.63,59.9,75,21019,"low"
"98","Fiji",1543,841,1597,1495,1543,1000,1000,1000,1,1000,2000,2000,1000,2000,20200815,1000,2000,1000,2000,0,2000,0,4000,1000,2000,0,0,2000,3000,2000,0,0,2000,0,2000,28,1,51.85,58.33,75,21019,"low"
"99","Fiji",1543,841,1597,1495,1543,1000,1000,1000,1,1000,2000,2000,1000,2000,20200915,1000,2000,1000,2000,0,2000,0,4000,1000,2000,0,0,2000,3000,2000,0,0,2000,0,2000,32,2,51.85,58.33,75,21019,"low"
"100","Fiji",1543,841,1597,1495,1543,1000,1000,1000,1,1000,2000,2000,1000,2000,20201015,1000,2000,1000,2000,0,2000,0,3000,1000,2000,0,0,2000,3000,2000,0,0,2000,0,2000,32,2,49.07,56.77,75,21019,"low"
"101","Fiji",1543,841,1597,1495,1543,1000,1000,1000,1,1000,2000,2000,1000,2000,20201115,1000,2000,1000,2000,0,2000,0,3000,1000,2000,0,0,2000,3000,2000,0,0,2000,0,2000,35,2,49.07,56.77,75,21019,"low"
"102","Fiji",1543,841,1597,1495,1543,1000,1000,1000,1,1000,2000,2000,1000,2000,20201215,1000,2000,1000,2000,0,2000,0,3000,1000,2000,0,0,2000,3000,2000,0,0,2000,0,2000,46,2,49.07,56.77,75,21019,"low"
"103","Gabon",169,523,973,1129,169,3000,3000,2000,3,2000,2000,3000,2000,3000,20200715,2000,2000,2000,4000,1000,2000,2000,3000,2000,2000,0,0,2000,3000,2000,0,0,3000,0,2000,6121,46,77.78,76.04,87.5,27963,"high"
"104","Gabon",169,523,973,1129,169,3000,3000,2000,3,2000,2000,3000,2000,3000,20200815,2000,2000,2000,4000,1000,2000,2000,3000,2000,2000,0,0,2000,3000,2000,0,0,3000,0,2000,8225,51,77.78,76.04,87.5,27963,"high"
"105","Gabon",169,523,973,1129,169,3000,3000,2000,3,2000,2000,3000,2000,3000,20200915,2000,2000,2000,4000,1000,2000,2000,3000,2000,2000,0,0,2000,3000,2000,0,0,3000,0,2000,8654,53,77.78,76.04,87.5,27963,"high"
"106","Gabon",169,523,973,1129,169,3000,3000,2000,3,2000,2000,3000,2000,3000,20201015,2000,2000,2000,4000,1000,2000,2000,3000,2000,2000,0,0,2000,3000,2000,0,0,3000,0,2000,8869,54,77.78,76.04,87.5,27963,"high"
"107","Gabon",169,523,973,1129,169,3000,3000,2000,3,2000,2000,3000,2000,3000,20201115,2000,2000,2000,3000,0,2000,2000,3000,2000,2000,0,0,2000,3000,2000,0,0,3000,0,2000,9062,58,69.44,71.35,87.5,27963,"high"
"108","Gabon",169,523,973,1129,169,3000,3000,2000,3,2000,2000,3000,2000,3000,20201215,1000,2000,1000,3000,0,2000,2000,3000,2000,2000,0,0,2000,3000,2000,0,0,3000,0,2000,9351,63,60.19,66.15,87.5,26963,"high"
"109","Georgia",55,571,1,751,55,2000,1000,1000,2,2000,3000,3000,2000,2000,20200715,3000,2000,1000,2000,0,1000,1000,3000,1000,1000,0,0,2000,2000,2000,0,0,2000,0,1000,1004,15,51.85,49.48,37.5,22433,"middle"
"110","Georgia",55,571,1,751,55,2000,1000,1000,2,2000,3000,3000,2000,2000,20200815,3000,2000,1000,2000,0,1000,2000,3000,1000,1000,0,0,2000,2000,2000,0,0,2000,0,1000,1321,17,57.41,52.6,37.5,22433,"middle"
"111","Georgia",55,571,1,751,55,2000,1000,1000,2,2000,3000,3000,2000,2000,20200915,2000,2000,2000,2000,0,1000,1000,3000,1000,1000,0,0,2000,2000,2000,0,0,2000,0,1000,2562,19,60.19,54.17,37.5,21433,"low"
"112","Georgia",55,571,1,751,55,2000,1000,1000,2,2000,3000,3000,2000,2000,20201015,3000,2000,1000,4000,2000,0,0,3000,1000,1000,0,0,2000,2000,2000,0,0,2000,0,1000,14440,113,61.11,54.69,37.5,22433,"middle"
"113","Georgia",55,571,1,751,55,2000,1000,1000,2,2000,3000,3000,2000,2000,20201115,3000,2000,1000,4000,1000,3000,0,3000,1000,1000,0,0,2000,2000,2000,0,0,2000,0,1000,79678,703,64.81,56.77,37.5,22433,"middle"
"114","Georgia",55,571,1,751,55,2000,1000,1000,2,2000,3000,3000,2000,2000,20201215,3000,2000,2000,4000,2000,3000,2000,3000,1000,1000,0,0,2000,2000,2000,0,0,3000,0,1000,194900,1883,84.26,69.27,37.5,22433,"middle"
"115","Ghana",355,895,685,343,355,2000,3000,1000,2,2000,3000,2000,3000,3000,20200715,2000,1000,2000,3000,0,0,0,4000,0,0,0,0,2000,3000,2000,0,0,4000,0,0,25430,139,52.78,48.44,0,26633,"high"
"116","Ghana",355,895,685,343,355,2000,3000,1000,2,2000,3000,2000,3000,3000,20200815,2000,1000,2000,3000,0,0,0,4000,0,0,0,0,2000,3000,2000,0,0,4000,0,0,42210,231,52.78,48.44,0,26633,"high"
"117","Ghana",355,895,685,343,355,2000,3000,1000,2,2000,3000,2000,3000,3000,20200915,2000,1000,2000,3000,0,0,0,1000,0,0,0,0,2000,3000,2000,0,0,4000,0,0,45655,294,44.44,43.75,0,26633,"high"
"118","Ghana",355,895,685,343,355,2000,3000,1000,2,2000,3000,2000,3000,3000,20201015,2000,1000,2000,3000,0,0,0,1000,0,0,0,0,2000,3000,2000,0,0,4000,0,0,47173,310,44.44,43.75,0,26633,"high"
"119","Ghana",355,895,685,343,355,2000,3000,1000,2,2000,3000,2000,3000,3000,20201115,2000,1000,1000,3000,0,0,0,1000,0,0,0,0,2000,3000,2000,0,0,4000,0,0,50123,322,38.89,40.62,0,26633,"high"
"120","Ghana",355,895,685,343,355,2000,3000,1000,2,2000,3000,2000,3000,3000,20201215,2000,1000,1000,3000,0,0,0,1000,0,0,0,0,2000,3000,2000,0,0,4000,0,0,53270,327,38.89,40.62,0,26633,"high"
"121","Guinea",1315,385,1387,1525,1315,1000,1000,1000,1,1000,3000,2000,1000,2000,20200715,3000,3000,2000,3000,1000,2000,2000,4000,1000,2000,0,0,2000,2000,1000,0,0,4000,0,0,6276,38,80.56,66.67,62.5,22927,"middle"
"122","Guinea",1315,385,1387,1525,1315,1000,1000,1000,1,1000,3000,2000,1000,2000,20200815,3000,2000,2000,3000,1000,2000,2000,3000,1000,2000,0,0,2000,2000,1000,0,0,4000,0,0,8343,50,70.83,61.2,62.5,22927,"middle"
"123","Guinea",1315,385,1387,1525,1315,1000,1000,1000,1,1000,3000,2000,1000,2000,20200915,2000,2000,2000,3000,1000,2000,2000,3000,1000,2000,0,0,2000,2000,1000,0,0,4000,0,0,10111,63,68.98,60.16,62.5,21927,"low"
"124","Guinea",1315,385,1387,1525,1315,1000,1000,1000,1,1000,3000,2000,1000,2000,20201015,2000,1000,1000,3000,0,2000,0,1000,0,0,0,0,2000,2000,1000,0,0,4000,0,0,11255,70,43.06,37.76,0,21927,"low"
"125","Guinea",1315,385,1387,1525,1315,1000,1000,1000,1,1000,3000,2000,1000,2000,20201115,2000,1000,1000,3000,0,2000,0,1000,0,0,0,0,2000,2000,1000,0,0,4000,0,0,12611,75,44.44,38.54,0,21927,"low"
"126","Guinea",1315,385,1387,1525,1315,1000,1000,1000,1,1000,3000,2000,1000,2000,20201215,1000,1000,1000,0,0,2000,2000,1000,0,0,0,0,2000,2000,2000,0,0,3000,0,0,13457,80,40.74,38.02,0,20927,"low"
"127","Gambia",1315,415,1003,1033,1315,1000,1000,1000,1,1000,2000,1000,1000,2000,20200715,2000,1000,2000,4000,1000,1000,1000,4000,0,0,0,0,2000,2000,2000,0,0,0,0,1000,64,3,68.98,51.3,0,19081,"low"
"128","Gambia",1315,415,1003,1033,1315,1000,1000,1000,1,1000,2000,1000,1000,2000,20200815,2000,2000,2000,4000,1000,2000,1000,4000,0,0,0,0,2000,2000,2000,0,0,3000,0,1000,1689,54,77.78,60.94,0,19081,"low"
"129","Gambia",1315,415,1003,1033,1315,1000,1000,1000,1,1000,2000,1000,1000,2000,20200915,2000,2000,2000,4000,1000,2000,0,4000,0,0,0,0,2000,2000,2000,0,0,3000,0,1000,3428,105,72.22,57.81,0,19081,"low"
"130","Gambia",1315,415,1003,1033,1315,1000,1000,1000,1,1000,2000,1000,1000,2000,20201015,2000,2000,2000,4000,1000,1000,0,4000,1000,0,0,0,2000,2000,2000,0,0,3000,0,0,3644,118,68.52,55.21,12.5,19081,"low"
"131","Gambia",1315,415,1003,1033,1315,1000,1000,1000,1,1000,2000,1000,1000,2000,20201115,0,0,2000,4000,1000,0,0,1000,1000,0,0,0,2000,2000,2000,0,0,3000,0,0,3702,122,41.67,40.1,12.5,17081,"low"
"132","Gambia",1315,415,1003,1033,1315,1000,1000,1000,1,1000,2000,1000,1000,2000,20201215,1000,0,2000,4000,1000,0,0,1000,0,0,0,0,2000,2000,2000,0,0,3000,0,0,3785,123,45.37,40.62,0,18081,"low"
"133","Greece",151,841,955,835,151,1000,1000,1000,2,1000,1000,3000,1000,2000,20200715,1000,1000,2000,3000,1000,1000,1000,3000,2000,1000,0,0,2000,3000,2000,0,0,2000,0,3000,3910,193,61.11,64.06,62.5,16933,"low"
"134","Greece",151,841,955,835,151,1000,1000,1000,2,1000,1000,3000,1000,2000,20200815,1000,1000,2000,3000,1000,1000,1000,3000,2000,2000,0,0,2000,3000,2000,0,0,2000,0,3000,6858,226,61.11,67.19,87.5,16933,"low"
"135","Greece",151,841,955,835,151,1000,1000,1000,2,1000,1000,3000,1000,2000,20200915,1000,1000,2000,3000,1000,1000,1000,3000,2000,2000,0,0,2000,3000,2000,0,0,2000,0,3000,13730,313,61.11,67.19,87.5,16933,"low"
"136","Greece",151,841,955,835,151,1000,1000,1000,2,1000,1000,3000,1000,2000,20201015,1000,2000,2000,4000,1000,1000,2000,3000,2000,2000,0,0,2000,3000,2000,0,0,4000,0,3000,23947,482,59.72,68.75,87.5,16933,"low"
"137","Greece",151,841,955,835,151,1000,1000,1000,2,1000,1000,3000,1000,2000,20201115,2000,2000,2000,4000,1000,2000,2000,3000,2000,2000,0,0,2000,3000,2000,0,0,4000,0,3000,74205,1106,78.7,80.21,87.5,17933,"low"
"138","Greece",151,841,955,835,151,1000,1000,1000,2,1000,1000,3000,1000,2000,20201215,3000,2000,2000,4000,1000,2000,2000,3000,2000,2000,0,0,2000,2000,2000,0,0,4000,0,3000,126372,3785,84.26,81.25,87.5,18933,"low"
"139","Guatemala",919,235,685,1177,919,2000,3000,2000,2,2000,3000,2000,2000,3000,20200715,3000,3000,2000,4000,2000,2000,2000,4000,1000,2000,0,0,2000,2000,0,0,0,3000,0,2000,32074,1350,96.3,76.56,75,28935,"high"
"140","Guatemala",919,235,685,1177,919,2000,3000,2000,2,2000,3000,2000,2000,3000,20200815,3000,2000,2000,4000,1000,2000,2000,4000,1000,2000,0,0,2000,2000,1000,0,0,3000,0,2000,62313,2355,87.04,72.92,62.5,28935,"high"
"141","Guatemala",919,235,685,1177,919,2000,3000,2000,2,2000,3000,2000,2000,3000,20200915,3000,2000,2000,4000,1000,2000,2000,4000,1000,2000,0,0,2000,2000,1000,0,0,3000,0,2000,82684,2984,87.04,72.92,62.5,28935,"high"
"142","Guatemala",919,235,685,1177,919,2000,3000,2000,2,2000,3000,2000,2000,3000,20201015,3000,1000,1000,4000,1000,0,0,1000,1000,2000,0,0,2000,2000,1000,0,0,3000,0,0,99765,3453,49.54,47.66,62.5,28935,"high"
"143","Guatemala",919,235,685,1177,919,2000,3000,2000,2,2000,3000,2000,2000,3000,20201115,3000,1000,1000,4000,1000,0,0,1000,1000,2000,0,0,2000,2000,1000,0,0,3000,0,0,114885,3932,49.54,47.66,62.5,28935,"high"
"144","Guatemala",919,235,685,1177,919,2000,3000,2000,2,2000,3000,2000,2000,3000,20201215,3000,1000,1000,4000,1000,0,0,1000,1000,2000,0,0,2000,2000,1000,0,0,3000,0,0,130082,4476,49.54,47.66,62.5,28935,"high"
"145","Guyana",889,319,685,859,889,1000,1000,1000,1,1000,2000,1000,1000,1000,20200715,2000,2000,2000,4000,1000,2000,2000,4000,1000,1000,0,0,2000,1000,2000,0,0,2000,0,3000,313,18,77.31,65.89,37.5,15641,"low"
"146","Guyana",889,319,685,859,889,1000,1000,1000,1,1000,2000,1000,1000,1000,20200815,2000,0,2000,4000,1000,2000,2000,4000,1000,1000,0,0,2000,1000,2000,0,0,3000,0,3000,674,22,73.15,65.1,37.5,15641,"low"
"147","Guyana",889,319,685,859,889,1000,1000,1000,1,1000,2000,1000,1000,1000,20200915,3000,1000,2000,3000,1000,2000,1000,4000,0,1000,0,0,2000,2000,2000,0,0,3000,0,3000,1958,58,75,66.67,25,16641,"low"
"148","Guyana",889,319,685,859,889,1000,1000,1000,1,1000,2000,1000,1000,1000,20201015,3000,1000,2000,4000,1000,2000,2000,1000,0,1000,0,0,2000,2000,2000,0,0,3000,0,3000,3620,107,72.22,65.1,25,16641,"low"
"149","Guyana",889,319,685,859,889,1000,1000,1000,1,1000,2000,1000,1000,1000,20201115,2000,2000,2000,4000,1000,2000,2000,1000,0,1000,0,0,2000,2000,2000,0,0,3000,0,3000,4823,139,72.22,65.1,25,15641,"low"
"150","Guyana",889,319,685,859,889,1000,1000,1000,1,1000,2000,1000,1000,1000,20201215,2000,1000,2000,4000,1000,2000,2000,1000,0,1000,0,0,2000,2000,2000,0,0,3000,0,1000,5973,156,68.52,58.85,25,15641,"low"
"151","Honduras",937,271,403,931,937,1000,1000,1000,2,1000,2000,1000,2000,1000,20200715,3000,2000,2000,4000,2000,3000,2000,4000,2000,2000,0,0,2000,1000,1000,0,0,3000,0,3000,30036,825,96.3,81.25,87.5,17479,"low"
"152","Honduras",937,271,403,931,937,1000,1000,1000,2,1000,2000,1000,2000,1000,20200815,3000,2000,2000,4000,1000,3000,2000,4000,2000,2000,0,0,2000,1000,1000,0,0,3000,0,3000,49979,1567,90.74,78.12,87.5,17479,"low"
"153","Honduras",937,271,403,931,937,1000,1000,1000,2,1000,2000,1000,2000,1000,20200915,3000,2000,2000,4000,1000,2000,2000,1000,2000,2000,0,0,2000,1000,1000,0,0,3000,0,2000,68620,2087,76.85,67.19,87.5,17479,"low"
"154","Honduras",937,271,403,931,937,1000,1000,1000,2,1000,2000,1000,2000,1000,20201015,3000,2000,2000,4000,1000,2000,2000,1000,1000,2000,0,0,2000,1000,1000,0,0,3000,0,2000,86089,2552,78.7,67.71,75,17479,"low"
"155","Honduras",937,271,403,931,937,1000,1000,1000,2,1000,2000,1000,2000,1000,20201115,3000,2000,2000,4000,1000,2000,2000,2000,1000,2000,0,0,2000,1000,1000,0,0,3000,0,2000,103102,2823,81.48,69.27,75,17479,"low"
"156","Honduras",937,271,403,931,937,1000,1000,1000,2,1000,2000,1000,2000,1000,20201215,3000,2000,2000,4000,1000,2000,2000,2000,1000,2000,0,0,2000,1000,1000,0,0,3000,0,2000,114943,3001,81.48,69.27,75,17479,"low"
"157","Indonesia",1543,409,685,373,1543,1000,1000,1000,2,1000,2000,2000,1000,2000,20200715,2000,2000,2000,4000,0,2000,1000,4000,0,1000,0,0,2000,1000,1000,0,0,4000,0,2000,80094,3797,62.5,52.86,25,19553,"low"
"158","Indonesia",1543,409,685,373,1543,1000,1000,1000,2,1000,2000,2000,1000,2000,20200815,2000,2000,2000,4000,0,2000,1000,3000,0,1000,0,0,2000,1000,1000,0,0,4000,0,2000,137468,6071,59.72,51.3,25,19553,"low"
"159","Indonesia",1543,409,685,373,1543,1000,1000,1000,2,1000,2000,2000,1000,2000,20200915,2000,3000,2000,4000,1000,2000,2000,3000,1000,1000,0,0,2000,1000,1000,0,0,4000,0,2000,225030,8965,68.98,58.07,37.5,19553,"low"
"160","Indonesia",1543,409,685,373,1543,1000,1000,1000,2,1000,2000,2000,1000,2000,20201015,2000,2000,1000,4000,1000,1000,1000,3000,1000,1000,0,0,2000,1000,1000,0,0,4000,0,1000,349160,12268,50.46,45.57,37.5,19553,"low"
"161","Indonesia",1543,409,685,373,1543,1000,1000,1000,2,1000,2000,2000,1000,2000,20201115,2000,2000,1000,4000,1000,1000,1000,3000,1000,1000,0,0,2000,1000,1000,0,0,4000,0,1000,467113,15211,50.46,45.57,37.5,19553,"low"
"162","Indonesia",1543,409,685,373,1543,1000,1000,1000,2,1000,2000,2000,1000,2000,20201215,2000,2000,2000,4000,1000,2000,2000,1000,1000,1000,0,0,2000,1000,1000,0,0,4000,0,1000,629429,19111,62.5,52.34,37.5,19553,"low"
"163","India",1675,277,1,475,1675,2000,2000,2000,2,2000,3000,2000,2000,2000,20200715,3000,3000,2000,4000,2000,2000,2000,4000,0,2000,0,0,2000,2000,1000,0,0,4000,0,2000,968857,24914,87.5,71.35,50,26103,"high"
"164","India",1675,277,1,475,1675,2000,2000,2000,2,2000,3000,2000,2000,2000,20200815,3000,3000,2000,4000,2000,2000,2000,4000,0,2000,0,0,2000,2000,1000,0,0,4000,0,2000,2589952,49980,85.65,70.31,50,26103,"high"
"165","India",1675,277,1,475,1675,2000,2000,2000,2,2000,3000,2000,2000,2000,20200915,3000,3000,2000,4000,2000,2000,2000,4000,0,2000,0,0,2000,2000,1000,0,0,4000,0,2000,5020359,82066,85.65,70.31,50,26103,"high"
"166","India",1675,277,1,475,1675,2000,2000,2000,2,2000,3000,2000,2000,2000,20201015,1000,2000,2000,2000,1000,2000,2000,4000,0,2000,0,0,2000,2000,2000,0,0,4000,0,2000,7370468,112161,64.35,61.46,50,24103,"middle"
"167","India",1675,277,1,475,1675,2000,2000,2000,2,2000,3000,2000,2000,2000,20201115,1000,2000,2000,2000,1000,2000,2000,3000,0,2000,0,0,2000,2000,2000,0,0,4000,0,2000,8845127,130070,61.57,59.9,50,24103,"middle"
"168","India",1675,277,1,475,1675,2000,2000,2000,2,2000,3000,2000,2000,2000,20201215,3000,2000,2000,4000,1000,2000,1000,3000,0,2000,0,0,2000,2000,2000,0,0,4000,0,2000,9932547,144096,68.98,64.06,50,26103,"high"
"169","Jamaica",61,613,583,529,61,3000,2000,2000,2,3000,2000,2000,3000,2000,20200715,3000,0,2000,3000,1000,2000,2000,1000,1000,1000,0,0,2000,1000,1000,0,0,3000,0,3000,763,10,68.52,60.94,50,25847,"high"
"170","Jamaica",61,613,583,529,61,3000,2000,2000,2,3000,2000,2000,3000,2000,20200815,3000,1000,2000,3000,1000,2000,2000,2000,1000,1000,0,0,2000,1000,1000,0,0,3000,0,3000,1082,14,73.15,63.54,50,25847,"high"
"171","Jamaica",61,613,583,529,61,3000,2000,2000,2,3000,2000,2000,3000,2000,20200915,2000,2000,2000,3000,1000,2000,2000,2000,1000,1000,0,0,2000,1000,2000,0,0,3000,0,3000,4042,46,75,67.71,50,24847,"middle"
"172","Jamaica",61,613,583,529,61,3000,2000,2000,2,3000,2000,2000,3000,2000,20201015,2000,1000,2000,3000,1000,2000,2000,2000,1000,1000,0,0,2000,2000,2000,0,0,3000,0,3000,8067,160,71.3,67.71,50,24847,"middle"
"173","Jamaica",61,613,583,529,61,3000,2000,2000,2,3000,2000,2000,3000,2000,20201115,2000,1000,2000,3000,1000,2000,2000,2000,1000,1000,0,0,2000,2000,2000,0,0,3000,0,3000,9884,231,71.3,67.71,50,24847,"middle"
"174","Jamaica",61,613,583,529,61,3000,2000,2000,2,3000,2000,2000,3000,2000,20201215,2000,1000,2000,3000,1000,2000,2000,2000,1000,1000,0,0,2000,2000,2000,0,0,3000,0,3000,11875,276,71.3,67.71,50,24847,"middle"
"175","Jordan",505,265,685,1111,505,3000,3000,3000,2,2000,2000,2000,2000,3000,20200715,3000,0,2000,0,0,1000,0,4000,1000,1000,0,0,2000,2000,1000,0,0,0,0,1000,1201,10,48.15,41.15,37.5,29071,"high"
"176","Jordan",505,265,685,1111,505,3000,3000,3000,2,2000,2000,2000,2000,3000,20200815,3000,0,2000,3000,0,2000,0,4000,1000,1000,0,0,2000,2000,1000,0,0,2000,0,1000,1339,11,60.19,51.04,37.5,29071,"high"
"177","Jordan",505,265,685,1111,505,3000,3000,3000,2,2000,2000,2000,2000,3000,20200915,3000,0,2000,3000,1000,2000,0,3000,1000,1000,0,0,2000,2000,1000,0,0,2000,0,2000,3677,26,61.11,53.65,37.5,29071,"high"
"178","Jordan",505,265,685,1111,505,3000,3000,3000,2,2000,2000,2000,2000,3000,20201015,3000,2000,2000,3000,1000,2000,2000,3000,1000,1000,0,0,2000,2000,1000,0,0,2000,0,2000,33009,282,81.48,65.1,37.5,29071,"high"
"179","Jordan",505,265,685,1111,505,3000,3000,3000,2,2000,2000,2000,2000,3000,20201115,3000,2000,2000,3000,1000,2000,2000,3000,1000,1000,0,0,2000,2000,1000,0,0,3000,0,2000,143678,1772,81.48,66.67,37.5,29071,"high"
"180","Jordan",505,265,685,1111,505,3000,3000,3000,2,2000,2000,2000,2000,3000,20201215,3000,2000,2000,3000,1000,2000,2000,3000,1000,1000,0,0,2000,2000,1000,0,0,3000,0,2000,265024,3437,81.48,66.67,37.5,29071,"high"
"181","Kazakhstan",43,919,685,379,43,1000,1000,1000,2,1000,2000,2000,1000,2000,20200715,3000,2000,2000,4000,1000,1000,2000,4000,0,1000,0,0,2000,3000,2000,0,0,3000,0,2000,65188,375,83.33,71.35,25,18069,"low"
"182","Kazakhstan",43,919,685,379,43,1000,1000,1000,2,1000,2000,2000,1000,2000,20200815,3000,2000,2000,4000,1000,1000,2000,3000,1000,1000,0,0,2000,3000,2000,0,0,3000,0,2000,119781,1433,80.56,71.35,37.5,18069,"low"
"183","Kazakhstan",43,919,685,379,43,1000,1000,1000,2,1000,2000,2000,1000,2000,20200915,2000,2000,2000,4000,2000,2000,2000,3000,0,1000,0,0,2000,3000,2000,0,0,3000,0,2000,136586,1999,78.7,67.71,25,17069,"low"
"184","Kazakhstan",43,919,685,379,43,1000,1000,1000,2,1000,2000,2000,1000,2000,20201015,2000,2000,2000,4000,1000,2000,2000,3000,0,1000,0,0,2000,2000,1000,0,0,3000,0,2000,144328,2136,74.07,59.9,25,17069,"low"
"185","Kazakhstan",43,919,685,379,43,1000,1000,1000,2,1000,2000,2000,1000,2000,20201115,2000,2000,2000,4000,1000,1000,2000,3000,0,1000,0,0,2000,1000,1000,0,0,3000,0,2000,160612,2365,66.2,53.39,25,17069,"low"
"186","Kazakhstan",43,919,685,379,43,1000,1000,1000,2,1000,2000,2000,1000,2000,20201215,3000,2000,2000,4000,1000,2000,2000,3000,0,1000,0,0,2000,1000,1000,0,0,3000,0,3000,187890,2609,71.76,58.59,25,18069,"low"
"187","Kuwait",547,193,1,1525,547,1000,1000,1000,3,2000,3000,2000,2000,3000,20200715,3000,1000,2000,4000,2000,2000,2000,4000,1000,1000,0,0,2000,2000,1000,0,0,3000,0,3000,56877,399,81.94,69.01,37.5,23813,"middle"
"188","Kuwait",547,193,1,1525,547,1000,1000,1000,3,2000,3000,2000,2000,3000,20200815,3000,1000,2000,4000,1000,1000,2000,3000,1000,1000,0,0,2000,2000,1000,0,0,3000,0,1000,75697,498,74.07,60.42,37.5,23813,"middle"
"189","Kuwait",547,193,1,1525,547,1000,1000,1000,3,2000,3000,2000,2000,3000,20200915,3000,1000,2000,4000,1000,1000,2000,3000,1000,1000,0,0,2000,2000,1000,0,0,3000,0,1000,96301,568,74.07,60.42,37.5,23813,"middle"
"190","Kuwait",547,193,1,1525,547,1000,1000,1000,3,2000,3000,2000,2000,3000,20201015,3000,1000,2000,4000,1000,1000,1000,3000,1000,1000,0,0,2000,3000,1000,0,0,3000,0,1000,114015,684,71.3,60.94,37.5,23813,"middle"
"191","Kuwait",547,193,1,1525,547,1000,1000,1000,3,2000,3000,2000,2000,3000,20201115,3000,1000,2000,4000,1000,1000,1000,3000,1000,1000,0,0,2000,3000,1000,0,0,3000,0,1000,136840,838,71.3,60.94,37.5,23813,"middle"
"192","Kuwait",547,193,1,1525,547,1000,1000,1000,3,2000,3000,2000,2000,3000,20201215,3000,1000,2000,4000,1000,1000,1000,3000,1000,1000,0,0,2000,3000,1000,0,0,3000,0,1000,146710,913,71.3,60.94,37.5,23813,"middle"
"193","Libya",637,535,871,517,637,1000,1000,1000,2,1000,2000,2000,2000,2000,20200715,3000,2000,2000,4000,2000,2000,2000,4000,0,0,0,0,2000,1000,1000,0,0,0,0,2000,1589,43,90.74,59.37,0,20197,"low"
"194","Libya",637,535,871,517,637,1000,1000,1000,2,1000,2000,2000,2000,2000,20200815,3000,2000,2000,4000,2000,2000,2000,3000,0,0,0,0,2000,1000,1000,0,0,3000,0,2000,7738,145,89.81,62.76,0,20197,"low"
"195","Libya",637,535,871,517,637,1000,1000,1000,2,1000,2000,2000,2000,2000,20200915,2000,2000,2000,4000,2000,2000,2000,3000,0,0,0,0,2000,1000,1000,0,0,3000,0,2000,24144,383,86.11,61.72,0,19197,"low"
"196","Libya",637,535,871,517,637,1000,1000,1000,2,1000,2000,2000,2000,2000,20201015,2000,2000,2000,4000,2000,2000,2000,3000,0,0,0,0,2000,1000,1000,0,0,3000,0,2000,46676,681,80.56,58.59,0,19197,"low"
"197","Libya",637,535,871,517,637,1000,1000,1000,2,1000,2000,2000,2000,2000,20201115,2000,2000,2000,4000,2000,1000,2000,3000,0,0,0,0,2000,1000,1000,0,0,3000,0,1000,73602,1017,79.63,56.77,0,19197,"low"
"198","Libya",637,535,871,517,637,1000,1000,1000,2,1000,2000,2000,2000,2000,20201215,3000,2000,2000,4000,2000,1000,2000,3000,0,0,0,0,2000,1000,0,0,0,3000,0,1000,92017,1319,86.11,57.29,0,20197,"low"
"199","Sri Lanka",1639,283,937,1051,1639,1000,1000,1000,2,2000,1000,2000,2000,2000,20200715,3000,0,2000,2000,0,1000,0,4000,0,2000,0,0,2000,2000,2000,0,0,4000,0,0,2671,11,53.7,53.13,50,22549,"middle"
"200","Sri Lanka",1639,283,937,1051,1639,1000,1000,1000,2,2000,1000,2000,2000,2000,20200815,2000,0,2000,2000,0,1000,0,1000,0,2000,0,0,2000,2000,2000,0,0,4000,0,0,2890,11,41.67,46.35,50,21549,"low"
"201","Sri Lanka",1639,283,937,1051,1639,1000,1000,1000,2,2000,1000,2000,2000,2000,20200915,1000,0,0,2000,0,1000,0,1000,0,2000,0,0,2000,2000,2000,0,0,4000,0,0,3271,13,26.85,38.02,50,20549,"low"
"202","Sri Lanka",1639,283,937,1051,1639,1000,1000,1000,2,2000,1000,2000,2000,2000,20201015,3000,0,0,2000,0,1000,0,1000,0,2000,0,0,2000,2000,2000,0,0,4000,0,3000,5244,13,34.26,47.4,50,22549,"middle"
"203","Sri Lanka",1639,283,937,1051,1639,1000,1000,1000,2,2000,1000,2000,2000,2000,20201115,3000,0,0,4000,0,3000,2000,2000,0,2000,0,0,2000,2000,2000,0,0,4000,0,3000,17287,58,55.09,59.11,50,22549,"middle"
"204","Sri Lanka",1639,283,937,1051,1639,1000,1000,1000,2,2000,1000,2000,2000,2000,20201215,2000,3000,2000,4000,2000,3000,2000,2000,0,2000,0,0,2000,2000,2000,0,0,4000,0,3000,34121,154,75.46,70.57,50,21549,"low"
"205","Morocco",955,493,1363,1207,955,1000,1000,1000,1,1000,2000,2000,1000,1000,20200715,3000,2000,2000,3000,0,0,2000,4000,1000,2000,0,0,2000,3000,1000,0,0,4000,0,3000,16262,259,68.52,68.75,75,18973,"low"
"206","Morocco",955,493,1363,1207,955,1000,1000,1000,1,1000,2000,2000,1000,1000,20200815,3000,1000,2000,3000,0,2000,2000,4000,1000,2000,0,0,2000,3000,1000,0,0,4000,0,3000,41017,632,70.37,69.79,75,18973,"low"
"207","Morocco",955,493,1363,1207,955,1000,1000,1000,1,1000,2000,2000,1000,1000,20200915,3000,1000,2000,3000,0,2000,2000,3000,1000,2000,0,0,2000,3000,1000,0,0,4000,0,3000,90324,1648,65.74,67.19,75,18973,"low"
"208","Morocco",955,493,1363,1207,955,1000,1000,1000,1,1000,2000,2000,1000,1000,20201015,1000,1000,2000,3000,0,2000,2000,3000,1000,2000,0,0,2000,3000,1000,0,0,3000,0,3000,163650,2772,60.19,62.5,75,16973,"low"
"209","Morocco",955,493,1363,1207,955,1000,1000,1000,1,1000,2000,2000,1000,1000,20201115,1000,2000,2000,3000,1000,2000,2000,3000,1000,2000,0,0,2000,2000,1000,0,0,3000,0,3000,293177,4779,66.2,63.8,75,16973,"low"
"210","Morocco",955,493,1363,1207,955,1000,1000,1000,1,1000,2000,2000,1000,1000,20201215,1000,2000,2000,3000,1000,2000,2000,3000,1000,0,0,0,2000,2000,1000,0,0,3000,0,2000,403619,6711,66.2,55.47,25,16973,"low"
"211","Mali",193,805,1291,1189,193,1000,2000,1000,1,2000,1000,1000,1000,1000,20200715,2000,1000,2000,3000,0,0,0,4000,1000,1000,0,0,2000,1000,2000,0,0,3000,0,0,2433,121,52.78,48.96,50,16671,"low"
"212","Mali",193,805,1291,1189,193,1000,2000,1000,1,2000,1000,1000,1000,1000,20200815,2000,1000,2000,3000,0,0,0,2000,1000,1000,0,0,2000,1000,2000,0,0,3000,0,0,2614,125,47.22,45.83,50,16671,"low"
"213","Mali",193,805,1291,1189,193,1000,2000,1000,1,2000,1000,1000,1000,1000,20200915,1000,1000,2000,3000,0,0,0,2000,1000,1000,0,0,2000,1000,2000,0,0,3000,0,0,2940,128,43.52,43.75,50,15671,"low"
"214","Mali",193,805,1291,1189,193,1000,2000,1000,1,2000,1000,1000,1000,1000,20201015,1000,1000,1000,3000,0,0,0,2000,1000,1000,0,0,2000,1000,2000,0,0,3000,0,0,3368,132,37.96,40.62,50,15671,"low"
"215","Mali",193,805,1291,1189,193,1000,2000,1000,1,2000,1000,1000,1000,1000,20201115,1000,1000,1000,3000,0,0,0,2000,0,0,0,0,2000,1000,2000,0,0,3000,0,0,3900,141,37.96,34.38,0,15671,"low"
"216","Mali",193,805,1291,1189,193,1000,2000,1000,1,2000,1000,1000,1000,1000,20201215,1000,1000,1000,3000,0,0,0,1000,0,0,0,0,2000,3000,2000,0,0,3000,0,0,5878,205,35.19,36.98,0,15671,"low"
"217","Mozambique",1633,343,829,505,1633,1000,2000,2000,2,2000,2000,2000,2000,2000,20200715,3000,2000,2000,3000,1000,1000,2000,4000,0,0,0,0,2000,1000,2000,0,0,3000,0,2000,1330,9,80.56,62.5,0,24943,"middle"
"218","Mozambique",1633,343,829,505,1633,1000,2000,2000,2,2000,2000,2000,2000,2000,20200815,3000,2000,2000,3000,1000,1000,2000,4000,0,0,0,0,2000,1000,2000,0,0,3000,0,1000,2791,19,80.56,60.42,0,24943,"middle"
"219","Mozambique",1633,343,829,505,1633,1000,2000,2000,2,2000,2000,2000,2000,2000,20200915,2000,2000,2000,3000,1000,1000,2000,3000,0,0,0,0,2000,1000,2000,0,0,3000,0,1000,5713,37,74.07,56.77,0,23943,"middle"
"220","Mozambique",1633,343,829,505,1633,1000,2000,2000,2,2000,2000,2000,2000,2000,20201015,2000,1000,2000,3000,1000,1000,2000,3000,0,0,0,0,2000,1000,2000,0,0,3000,0,1000,10537,73,70.37,54.69,0,23943,"middle"
"221","Mozambique",1633,343,829,505,1633,1000,2000,2000,2,2000,2000,2000,2000,2000,20201115,2000,2000,2000,3000,1000,0,0,2000,0,0,0,0,2000,1000,2000,0,0,3000,0,1000,14448,113,56.48,46.87,0,23943,"middle"
"222","Mozambique",1633,343,829,505,1633,1000,2000,2000,2,2000,2000,2000,2000,2000,20201215,2000,2000,2000,3000,1000,0,0,1000,0,0,0,0,2000,1000,2000,0,0,3000,0,0,17042,144,53.7,43.23,0,23943,"middle"
"223","Malawi",865,643,1303,1009,865,1000,2000,2000,2,1000,3000,2000,1000,3000,20200715,3000,1000,2000,3000,0,1000,0,4000,2000,0,0,0,2000,1000,2000,0,0,1000,0,0,2614,43,60.19,50,50,25685,"high"
"224","Malawi",865,643,1303,1009,865,1000,2000,2000,2,1000,3000,2000,1000,3000,20200815,3000,2000,2000,4000,0,1000,0,4000,2000,0,0,0,2000,1000,2000,0,0,3000,0,0,5026,157,64.81,55.73,50,25685,"high"
"225","Malawi",865,643,1303,1009,865,1000,2000,2000,2,1000,3000,2000,1000,3000,20200915,2000,2000,2000,4000,0,1000,0,2000,2000,0,0,0,2000,1000,2000,0,0,3000,0,0,5701,178,55.56,50.52,50,24685,"middle"
"226","Malawi",865,643,1303,1009,865,1000,2000,2000,2,1000,3000,2000,1000,3000,20201015,2000,2000,2000,3000,0,0,0,2000,1000,0,0,0,2000,2000,2000,0,0,3000,0,0,5836,181,50.93,45.31,12.5,24685,"middle"
"227","Malawi",865,643,1303,1009,865,1000,2000,2000,2,1000,3000,2000,1000,3000,20201115,2000,2000,2000,3000,0,0,0,2000,1000,0,0,0,2000,2000,2000,0,0,3000,0,0,5965,185,50.93,45.31,12.5,24685,"middle"
"228","Malawi",865,643,1303,1009,865,1000,2000,2000,2,1000,3000,2000,1000,3000,20201215,2000,2000,2000,3000,0,0,0,2000,1000,0,0,0,2000,2000,2000,0,0,3000,0,0,6080,187,50.93,45.31,12.5,24685,"middle"
"229","Namibia",1285,649,1063,823,1285,1000,2000,2000,2,2000,2000,2000,2000,3000,20200715,2000,2000,1000,4000,0,1000,2000,4000,0,1000,0,0,2000,1000,2000,0,0,3000,0,1000,960,2,62.5,53.39,25,26105,"high"
"230","Namibia",1285,649,1063,823,1285,1000,2000,2000,2,2000,2000,2000,2000,3000,20200815,3000,2000,2000,3000,0,1000,2000,1000,0,1000,0,0,2000,1000,2000,0,0,3000,0,1000,3907,35,63.89,54.17,25,27105,"high"
"231","Namibia",1285,649,1063,823,1285,1000,2000,2000,2,2000,2000,2000,2000,3000,20200915,2000,2000,2000,3000,0,2000,2000,1000,0,1000,0,0,2000,1000,2000,0,0,3000,0,3000,9901,106,63.89,57.29,25,26105,"high"
"232","Namibia",1285,649,1063,823,1285,1000,2000,2000,2,2000,2000,2000,2000,3000,20201015,1000,1000,1000,3000,0,0,1000,1000,0,1000,0,0,2000,1000,2000,0,0,3000,0,2000,12103,130,37.96,41.67,25,25105,"middle"
"233","Namibia",1285,649,1063,823,1285,1000,2000,2000,2,2000,2000,2000,2000,3000,20201115,1000,1000,1000,2000,0,0,1000,1000,0,0,0,0,2000,1000,2000,0,0,3000,0,0,13508,138,37.96,34.38,0,25105,"middle"
"234","Namibia",1285,649,1063,823,1285,1000,2000,2000,2,2000,2000,2000,2000,3000,20201215,0,1000,1000,2000,0,0,0,1000,0,0,0,0,2000,2000,2000,0,0,3000,0,0,16913,164,28.7,31.25,0,24105,"middle"
"235","Niger",385,511,1381,1525,385,1000,1000,1000,1,1000,2000,2000,1000,2000,20200715,1000,0,0,0,0,0,0,4000,0,1000,0,0,2000,1000,1000,0,0,3000,0,0,1100,69,25.93,27.6,25,18187,"low"
"236","Niger",385,511,1381,1525,385,1000,1000,1000,1,1000,2000,2000,1000,2000,20200815,1000,0,0,0,0,0,0,1000,0,2000,0,0,2000,1000,1000,0,0,3000,0,0,1165,69,17.59,26.04,50,18187,"low"
"237","Niger",385,511,1381,1525,385,1000,1000,1000,1,1000,2000,2000,1000,2000,20200915,1000,0,0,0,0,0,0,0,0,2000,0,0,2000,1000,1000,0,0,3000,0,0,1182,69,14.81,24.48,50,18187,"low"
"238","Niger",385,511,1381,1525,385,1000,1000,1000,1,1000,2000,2000,1000,2000,20201015,1000,0,0,0,0,0,0,1000,0,0,0,0,1000,3000,0,0,0,3000,0,0,1207,69,12.04,16.93,0,18187,"low"
"239","Niger",385,511,1381,1525,385,1000,1000,1000,1,1000,2000,2000,1000,2000,20201115,1000,1000,0,0,0,0,0,2000,0,0,0,0,2000,3000,0,0,0,3000,0,0,1307,70,24.07,23.7,0,18187,"low"
"240","Niger",385,511,1381,1525,385,1000,1000,1000,1,1000,2000,2000,1000,2000,20201215,0,1000,1000,2000,0,0,0,2000,0,0,0,0,2000,3000,0,0,0,3000,0,0,2361,82,31.48,27.86,0,17187,"low"
"241","Nigeria",505,469,997,1105,505,2000,3000,2000,2,2000,2000,2000,2000,3000,20200715,3000,2000,2000,3000,0,2000,1000,4000,1000,0,0,0,2000,2000,2000,0,0,3000,0,3000,34259,760,71.76,63.28,12.5,27581,"high"
"242","Nigeria",505,469,997,1105,505,2000,3000,2000,2,2000,2000,2000,2000,3000,20200815,2000,1000,1000,3000,1000,2000,2000,2000,1000,1000,0,0,2000,1000,2000,0,0,3000,0,3000,48770,974,65.74,60.94,37.5,26581,"high"
"243","Nigeria",505,469,997,1105,505,2000,3000,2000,2,2000,2000,2000,2000,3000,20200915,2000,1000,1000,3000,1000,2000,1000,2000,1000,1000,0,0,2000,1000,2000,0,0,3000,0,3000,56478,1088,60.19,57.81,37.5,26581,"high"
"244","Nigeria",505,469,997,1105,505,2000,3000,2000,2,2000,2000,2000,2000,3000,20201015,1000,1000,1000,3000,0,2000,1000,2000,2000,1000,0,0,2000,1000,2000,0,0,3000,0,3000,60982,1116,50.93,55.73,62.5,25581,"high"
"245","Nigeria",505,469,997,1105,505,2000,3000,2000,2,2000,2000,2000,2000,3000,20201115,1000,1000,1000,3000,0,2000,1000,2000,0,0,0,0,2000,1000,2000,0,0,3000,0,3000,65148,1163,50.93,47.92,0,25581,"high"
"246","Nigeria",505,469,997,1105,505,2000,3000,2000,2,2000,2000,2000,2000,3000,20201215,1000,1000,1000,3000,0,2000,1000,2000,0,0,0,0,2000,1000,2000,0,0,3000,0,3000,74132,1200,50.93,47.92,0,25581,"high"
"247","Pakistan",505,367,937,1153,505,1000,1000,1000,1,1000,2000,2000,1000,2000,20200715,3000,2000,2000,4000,0,2000,2000,2000,1000,2000,0,0,2000,2000,1000,0,0,3000,0,0,257914,5426,66.67,58.85,75,19467,"low"
"248","Pakistan",505,367,937,1153,505,1000,1000,1000,1,1000,2000,2000,1000,2000,20200815,3000,1000,1000,3000,0,1000,0,2000,1000,2000,0,0,2000,2000,2000,0,0,3000,0,0,288047,6162,47.69,51.3,75,19467,"low"
"249","Pakistan",505,367,937,1153,505,1000,1000,1000,1,1000,2000,2000,1000,2000,20200915,2000,1000,1000,3000,0,1000,0,2000,1000,2000,0,0,2000,2000,2000,0,0,3000,0,0,303089,6393,43.98,49.22,75,18467,"low"
"250","Pakistan",505,367,937,1153,505,1000,1000,1000,1,1000,2000,2000,1000,2000,20201015,2000,3000,2000,4000,2000,3000,0,2000,1000,2000,0,0,2000,2000,2000,0,0,3000,0,3000,321877,6621,67.13,67.45,75,18467,"low"
"251","Pakistan",505,367,937,1153,505,1000,1000,1000,1,1000,2000,2000,1000,2000,20201115,2000,1000,2000,2000,0,3000,0,2000,1000,2000,0,0,2000,2000,2000,0,0,4000,0,3000,359032,7160,47.69,58.07,75,18467,"low"
"252","Pakistan",505,367,937,1153,505,1000,1000,1000,1,1000,2000,2000,1000,2000,20201215,3000,3000,2000,4000,0,3000,0,2000,1000,2000,0,0,2000,2000,2000,0,0,4000,0,3000,445977,9010,64.35,67.45,75,19467,"low"
"253","Paraguay",547,247,1,1171,547,3000,3000,3000,3,3000,2000,2000,2000,3000,20200715,2000,2000,2000,3000,1000,2000,2000,4000,1000,2000,0,0,2000,1000,2000,0,0,0,0,1000,3198,25,75.93,62.5,75,28513,"high"
"254","Paraguay",547,247,1,1171,547,3000,3000,3000,3,3000,2000,2000,2000,3000,20200815,2000,2000,2000,4000,1000,2000,2000,4000,1000,2000,0,0,2000,1000,2000,0,0,3000,0,1000,9381,127,78.7,68.75,75,28513,"high"
"255","Paraguay",547,247,1,1171,547,3000,3000,3000,3,3000,2000,2000,2000,3000,20200915,3000,2000,2000,4000,0,2000,2000,4000,1000,2000,0,0,2000,1000,2000,0,0,3000,0,1000,29298,552,81.48,70.31,75,29513,"high"
"256","Paraguay",547,247,1,1171,547,3000,3000,3000,3,3000,2000,2000,2000,3000,20201015,3000,2000,2000,3000,0,2000,0,3000,1000,2000,0,0,2000,1000,2000,0,0,3000,0,1000,52596,1150,64.81,60.94,75,29513,"high"
"257","Paraguay",547,247,1,1171,547,3000,3000,3000,3,3000,2000,2000,2000,3000,20201115,3000,1000,2000,3000,0,2000,0,3000,1000,0,0,0,2000,2000,2000,0,0,2000,0,1000,71574,1587,61.11,53.12,25,29513,"high"
"258","Paraguay",547,247,1,1171,547,3000,3000,3000,3,3000,2000,2000,2000,3000,20201215,3000,3000,2000,2000,0,2000,0,1000,1000,2000,0,0,2000,2000,2000,0,0,3000,0,1000,95353,1991,58.33,59.38,75,29513,"high"
"259","Qatar",367,649,1,361,367,2000,2000,2000,3,2000,2000,2000,2000,2000,20200715,3000,2000,2000,4000,2000,1000,1000,3000,2000,0,0,0,2000,3000,2000,0,0,2000,0,1000,104983,151,80.56,67.71,37.5,22745,"middle"
"260","Qatar",367,649,1,361,367,2000,2000,2000,3,2000,2000,2000,2000,2000,20200815,3000,2000,2000,3000,2000,1000,1000,3000,2000,1000,0,0,2000,3000,2000,0,0,2000,0,1000,114809,192,77.78,69.27,62.5,22745,"middle"
"261","Qatar",367,649,1,361,367,2000,2000,2000,3,2000,2000,2000,2000,2000,20200915,2000,1000,2000,3000,1000,1000,1000,3000,2000,1000,0,0,2000,3000,2000,0,0,2000,0,1000,122214,208,64.81,61.98,62.5,21745,"low"
"262","Qatar",367,649,1,361,367,2000,2000,2000,3,2000,2000,2000,2000,2000,20201015,2000,1000,2000,3000,1000,1000,1000,3000,2000,1000,0,0,2000,3000,2000,0,0,2000,0,1000,128803,222,64.81,61.98,62.5,21745,"low"
"263","Qatar",367,649,1,361,367,2000,2000,2000,3,2000,2000,2000,2000,2000,20201115,2000,1000,2000,3000,1000,1000,1000,3000,2000,1000,0,0,2000,3000,2000,0,0,2000,0,1000,135785,234,64.81,61.98,62.5,21745,"low"
"264","Qatar",367,649,1,361,367,2000,2000,2000,3,2000,2000,2000,2000,2000,20201215,2000,1000,2000,3000,1000,1000,1000,3000,2000,1000,0,0,2000,3000,2000,0,0,2000,0,1000,141272,241,64.81,61.98,62.5,21745,"low"
"265","Romania",139,391,1,871,139,1000,1000,1000,2,2000,2000,2000,2000,2000,20200715,2000,1000,1000,2000,0,1000,0,2000,2000,2000,0,0,2000,2000,1000,0,0,0,0,1000,34226,1952,42.59,44.27,87.5,18541,"low"
"266","Romania",139,391,1,871,139,1000,1000,1000,2,2000,2000,2000,2000,2000,20200815,2000,1000,1000,2000,0,1000,0,2000,2000,2000,0,0,2000,2000,1000,0,0,0,0,1000,69374,2954,42.59,44.27,87.5,18541,"low"
"267","Romania",139,391,1,871,139,1000,1000,1000,2,2000,2000,2000,2000,2000,20200915,2000,1000,1000,3000,0,1000,0,2000,2000,2000,0,0,2000,2000,1000,0,0,2000,0,1000,105298,4236,43.52,47.92,87.5,18541,"low"
"268","Romania",139,391,1,871,139,1000,1000,1000,2,2000,2000,2000,2000,2000,20201015,2000,2000,1000,3000,0,0,0,3000,2000,2000,0,0,2000,2000,1000,0,0,2000,0,1000,168490,5674,44.44,48.44,87.5,18541,"low"
"269","Romania",139,391,1,871,139,1000,1000,1000,2,2000,2000,2000,2000,2000,20201115,3000,2000,1000,4000,1000,3000,0,3000,2000,2000,0,0,2000,2000,2000,0,0,2000,0,1000,360281,8926,66.67,64.06,87.5,19541,"low"
"270","Romania",139,391,1,871,139,1000,1000,1000,2,2000,2000,2000,2000,2000,20201215,3000,2000,2000,4000,0,2000,2000,3000,2000,2000,0,0,2000,2000,2000,0,0,4000,0,1000,565758,13698,76.85,72.92,87.5,19541,"low"
"271","Sudan",1,499,685,1525,1,1000,2000,2000,2,1000,3000,2000,2000,3000,20200715,3000,2000,2000,3000,1000,1000,2000,3000,1000,0,0,0,2000,2000,1000,0,0,0,0,2000,10417,668,71.3,53.65,25,24711,"middle"
"272","Sudan",1,499,685,1525,1,1000,2000,2000,2,1000,3000,2000,2000,3000,20200815,3000,2000,2000,3000,1000,1000,2000,3000,1000,0,0,0,2000,2000,1000,0,0,0,0,2000,12314,796,69.91,52.86,25,24711,"middle"
"273","Sudan",1,499,685,1525,1,1000,2000,2000,2,1000,3000,2000,2000,3000,20200915,3000,2000,2000,3000,0,2000,0,3000,1000,0,0,0,2000,2000,1000,0,0,0,0,2000,13535,836,62.96,48.96,25,24711,"middle"
"274","Sudan",1,499,685,1525,1,1000,2000,2000,2,1000,3000,2000,2000,3000,20201015,2000,2000,1000,3000,0,0,0,3000,1000,0,0,0,1000,2000,1000,0,0,0,0,0,13697,836,42.59,34.38,25,23711,"middle"
"275","Sudan",1,499,685,1525,1,1000,2000,2000,2,1000,3000,2000,2000,3000,20201115,2000,2000,1000,0,0,0,0,1000,1000,0,0,0,1000,1000,1000,0,0,1000,0,0,14728,1116,28.7,26.04,25,23711,"middle"
"276","Sudan",1,499,685,1525,1,1000,2000,2000,2,1000,3000,2000,2000,3000,20201215,3000,1000,0,0,0,0,0,1000,1000,0,0,0,1000,1000,1000,0,0,1000,0,0,22082,1372,21.3,21.88,25,24711,"middle"
"277","Senegal",421,799,1009,889,421,1000,2000,2000,NA,2000,2000,2000,2000,2000,20200715,2000,0,2000,2000,0,0,0,4000,1000,2000,0,0,2000,2000,2000,0,0,0,0,0,8369,153,46.3,44.27,62.5,22539,"middle"
"278","Senegal",421,799,1009,889,421,1000,2000,2000,NA,2000,2000,2000,2000,2000,20200815,2000,0,0,2000,0,0,0,3000,1000,2000,0,0,2000,2000,2000,0,0,2000,0,0,12032,251,32.41,41.15,75,22539,"middle"
"279","Senegal",421,799,1009,889,421,1000,2000,2000,NA,2000,2000,2000,2000,2000,20200915,2000,2000,0,2000,0,0,0,3000,1000,2000,0,0,2000,2000,2000,0,0,2000,0,0,14529,298,37.96,44.27,75,22539,"middle"
"280","Senegal",421,799,1009,889,421,1000,2000,2000,NA,2000,2000,2000,2000,2000,20201015,2000,2000,1000,1000,0,0,0,3000,1000,2000,0,0,2000,2000,2000,0,0,3000,0,0,15348,316,40.74,47.4,75,22539,"middle"
"281","Senegal",421,799,1009,889,421,1000,2000,2000,NA,2000,2000,2000,2000,2000,20201115,0,0,1000,2000,0,0,0,3000,1000,2000,0,0,2000,2000,2000,0,0,3000,0,0,15793,328,30.56,41.67,75,20539,"low"
"282","Senegal",421,799,1009,889,421,1000,2000,2000,NA,2000,2000,2000,2000,2000,20201215,0,2000,2000,2000,0,0,0,3000,0,0,0,0,2000,2000,2000,0,0,3000,0,0,17216,350,43.52,39.58,0,20539,"low"
"283","Solomon Islands",907,1279,1639,1243,907,1000,1000,1000,1,2000,1000,1000,1000,1000,20200715,0,2000,1000,0,0,0,1000,3000,0,0,0,0,2000,0,0,0,0,0,0,0,0,0,33.33,18.75,0,15975,"low"
"284","Solomon Islands",907,1279,1639,1243,907,1000,1000,1000,1,2000,1000,1000,1000,1000,20200815,0,2000,1000,0,0,0,1000,3000,0,1000,0,0,2000,0,0,0,0,0,0,0,0,0,33.33,21.88,25,15975,"low"
"285","Solomon Islands",907,1279,1639,1243,907,1000,1000,1000,1,2000,1000,1000,1000,1000,20200915,0,2000,1000,0,0,0,1000,4000,0,1000,0,0,2000,0,0,0,0,0,0,0,0,0,36.11,23.44,25,15975,"low"
"286","Solomon Islands",907,1279,1639,1243,907,1000,1000,1000,1,2000,1000,1000,1000,1000,20201015,0,2000,1000,0,1000,0,1000,4000,0,1000,0,0,2000,1000,0,0,0,0,0,0,3,0,43.52,29.69,25,15975,"low"
"287","Solomon Islands",907,1279,1639,1243,907,1000,1000,1000,1,2000,1000,1000,1000,1000,20201115,0,2000,1000,0,1000,0,1000,4000,0,1000,0,0,2000,1000,0,0,0,0,0,0,16,0,43.52,29.69,25,15975,"low"
"288","Solomon Islands",907,1279,1639,1243,907,1000,1000,1000,1,2000,1000,1000,1000,1000,20201215,0,0,1000,0,1000,0,1000,4000,0,1000,0,0,2000,1000,0,0,0,4000,0,0,17,0,36.11,31.77,25,15975,"low"
"289","Sierra Leone",349,883,1447,1255,349,1000,1000,2000,2,2000,2000,3000,2000,2000,20200715,2000,0,1000,2000,0,0,0,4000,0,1000,0,0,2000,2000,2000,0,0,3000,0,2000,1668,64,40.74,45.31,25,23283,"middle"
"290","Sierra Leone",349,883,1447,1255,349,1000,1000,2000,2,2000,2000,3000,2000,2000,20200815,3000,0,1000,2000,0,0,0,1000,0,1000,0,0,2000,2000,2000,0,0,3000,0,2000,1954,69,36.11,42.71,25,24283,"middle"
"291","Sierra Leone",349,883,1447,1255,349,1000,1000,2000,2,2000,2000,3000,2000,2000,20200915,2000,0,1000,2000,0,0,0,1000,0,0,0,0,2000,2000,2000,0,0,3000,0,2000,2126,72,29.63,35.94,0,23283,"middle"
"292","Sierra Leone",349,883,1447,1255,349,1000,1000,2000,2,2000,2000,3000,2000,2000,20201015,1000,0,1000,3000,0,0,0,1000,0,0,0,0,2000,2000,2000,0,0,3000,0,2000,2323,73,31.48,36.98,0,22283,"middle"
"293","Sierra Leone",349,883,1447,1255,349,1000,1000,2000,2,2000,2000,3000,2000,2000,20201115,1000,0,1000,3000,0,0,0,1000,0,0,0,0,2000,2000,2000,0,0,3000,0,1000,2391,74,31.48,34.9,0,22283,"middle"
"294","Sierra Leone",349,883,1447,1255,349,1000,1000,2000,2,2000,2000,3000,2000,2000,20201215,1000,0,1000,3000,1000,0,0,1000,0,0,0,0,2000,2000,2000,0,0,3000,0,1000,2451,75,37.04,38.02,0,22283,"middle"
"295","El Salvador",1561,7,1,1525,1561,1000,1000,1000,2,1000,2000,2000,2000,2000,20200715,3000,2000,2000,3000,2000,2000,2000,4000,1000,2000,0,0,2000,3000,1000,0,0,3000,0,3000,10645,286,89.81,80.21,75,21655,"low"
"296","El Salvador",1561,7,1,1525,1561,1000,1000,1000,2,1000,2000,2000,2000,2000,20200815,3000,2000,2000,3000,2000,2000,2000,4000,1000,2000,0,0,2000,3000,1000,0,0,3000,0,3000,22619,603,89.81,80.21,75,21655,"low"
"297","El Salvador",1561,7,1,1525,1561,1000,1000,1000,2,1000,2000,2000,2000,2000,20200915,3000,1000,2000,3000,1000,2000,2000,4000,1000,2000,0,0,2000,3000,1000,0,0,3000,0,2000,27088,792,80.56,72.92,75,21655,"low"
"298","El Salvador",1561,7,1,1525,1561,1000,1000,1000,2,1000,2000,2000,2000,2000,20201015,3000,1000,1000,3000,0,2000,1000,1000,1000,2000,0,0,2000,3000,1000,0,0,3000,0,2000,31061,908,52.78,57.29,75,21655,"low"
"299","El Salvador",1561,7,1,1525,1561,1000,1000,1000,2,1000,2000,2000,2000,2000,20201115,3000,1000,1000,3000,0,2000,1000,1000,1000,2000,0,0,2000,3000,1000,0,0,3000,0,2000,36516,1044,52.78,57.29,75,21655,"low"
"300","El Salvador",1561,7,1,1525,1561,1000,1000,1000,2,1000,2000,2000,2000,2000,20201215,3000,1000,1000,1000,0,2000,1000,1000,1000,2000,0,0,2000,3000,1000,0,0,3000,0,2000,42132,1212,47.22,54.17,75,21655,"low"
"301","Serbia",193,535,1351,1525,193,2000,1000,2000,3,1000,2000,3000,2000,2000,20200715,2000,2000,2000,0,0,1000,1000,0,1000,1000,0,0,2000,1000,2000,0,0,2000,0,1000,19334,429,44.44,42.19,37.5,22797,"middle"
"302","Serbia",193,535,1351,1525,193,2000,1000,2000,3,1000,2000,3000,2000,2000,20200815,2000,2000,2000,4000,0,1000,1000,1000,2000,1000,0,0,2000,1000,2000,0,0,2000,0,1000,29471,670,58.33,53.12,62.5,22797,"middle"
"303","Serbia",193,535,1351,1525,193,2000,1000,2000,3,1000,2000,3000,2000,2000,20200915,1000,2000,2000,4000,0,1000,1000,1000,2000,1000,0,0,2000,1000,2000,0,0,3000,0,1000,32511,735,54.63,52.6,62.5,21797,"low"
"304","Serbia",193,535,1351,1525,193,2000,1000,2000,3,1000,2000,3000,2000,2000,20201015,1000,2000,2000,4000,0,1000,1000,1000,2000,1000,0,0,2000,1000,2000,0,0,3000,0,1000,35454,770,54.63,52.6,62.5,21797,"low"
"305","Serbia",193,535,1351,1525,193,2000,1000,2000,3,1000,2000,3000,2000,2000,20201115,1000,2000,2000,4000,0,1000,1000,1000,2000,1000,0,0,2000,1000,2000,0,0,3000,0,1000,84568,1009,54.63,52.6,62.5,21797,"low"
"306","Serbia",193,535,1351,1525,193,2000,1000,2000,3,1000,2000,3000,2000,2000,20201215,2000,2000,2000,4000,0,1000,1000,1000,2000,1000,0,0,2000,2000,2000,0,0,3000,0,1000,277248,2433,60.19,58.85,62.5,22797,"middle"
"307","South Sudan",1621,283,847,793,1621,2000,2000,2000,2,3000,3000,2000,2000,3000,20200715,3000,2000,2000,3000,2000,1000,1000,4000,1000,0,0,0,2000,1000,2000,0,0,3000,0,0,2153,41,80.56,61.46,25,30165,"high"
"308","South Sudan",1621,283,847,793,1621,2000,2000,2000,2,3000,3000,2000,2000,3000,20200815,3000,2000,2000,3000,2000,2000,1000,3000,1000,0,0,0,2000,1000,2000,0,0,3000,0,0,2488,47,81.48,61.98,25,30165,"high"
"309","South Sudan",1621,283,847,793,1621,2000,2000,2000,2,3000,3000,2000,2000,3000,20200915,3000,1000,2000,3000,1000,2000,1000,2000,1000,0,0,0,2000,1000,1000,0,0,3000,0,0,2592,49,69.44,52.08,25,30165,"high"
"310","South Sudan",1621,283,847,793,1621,2000,2000,2000,2,3000,3000,2000,2000,3000,20201015,2000,0,1000,3000,0,1000,0,2000,0,0,0,0,2000,NA,1000,0,0,3000,0,0,2807,55,41.67,31.25,0,29165,"high"
"311","South Sudan",1621,283,847,793,1621,2000,2000,2000,2,3000,3000,2000,2000,3000,20201115,2000,0,1000,3000,0,1000,0,2000,0,0,0,0,2000,1000,1000,0,0,3000,0,0,3003,59,41.67,33.33,0,29165,"high"
"312","South Sudan",1621,283,847,793,1621,2000,2000,2000,2,3000,3000,2000,2000,3000,20201215,1000,0,2000,2000,0,1000,1000,2000,0,0,0,0,2000,2000,2000,0,0,3000,NA,0,3222,62,46.3,41.15,0,28165,"high"
"313","Suriname",319,427,1039,1525,319,1000,1000,1000,1,1000,1000,1000,2000,2000,20200715,3000,2000,2000,4000,2000,2000,2000,4000,1000,2000,0,0,2000,1000,1000,0,0,1000,0,2000,837,18,86.11,68.75,75,18629,"low"
"314","Suriname",319,427,1039,1525,319,1000,1000,1000,1,1000,1000,1000,2000,2000,20200815,3000,2000,2000,4000,2000,2000,2000,4000,1000,2000,0,0,2000,2000,1000,0,0,4000,0,2000,2961,42,85.19,75,75,18629,"low"
"315","Suriname",319,427,1039,1525,319,1000,1000,1000,1,1000,1000,1000,2000,2000,20200915,3000,2000,2000,4000,0,2000,0,4000,1000,2000,0,0,2000,2000,1000,0,0,4000,0,2000,4625,95,70.37,66.67,75,18629,"low"
"316","Suriname",319,427,1039,1525,319,1000,1000,1000,1,1000,1000,1000,2000,2000,20201015,1000,2000,2000,4000,0,2000,0,2000,1000,2000,0,0,2000,2000,1000,0,0,4000,0,2000,5094,109,57.41,59.38,75,16629,"low"
"317","Suriname",319,427,1039,1525,319,1000,1000,1000,1,1000,1000,1000,2000,2000,20201115,1000,2000,2000,3000,0,2000,0,2000,1000,2000,0,0,2000,2000,1000,0,0,4000,0,2000,5274,114,54.63,57.81,75,16629,"low"
"318","Suriname",319,427,1039,1525,319,1000,1000,1000,1,1000,1000,1000,2000,2000,20201215,3000,2000,2000,3000,0,2000,0,3000,1000,2000,0,0,2000,2000,1000,0,0,4000,0,2000,5381,117,64.81,63.54,75,18629,"low"
"319","Eswatini",1591,421,805,355,1591,1000,2000,2000,2,2000,3000,3000,3000,3000,20200715,2000,2000,2000,3000,1000,2000,2000,4000,0,1000,0,0,2000,2000,1000,0,0,0,0,0,1489,20,80.56,55.73,25,28763,"high"
"320","Eswatini",1591,421,805,355,1591,1000,2000,2000,2,2000,3000,3000,3000,3000,20200815,2000,2000,2000,3000,1000,2000,2000,4000,0,1000,0,0,2000,2000,1000,0,0,0,0,0,3745,69,80.56,55.73,25,28763,"high"
"321","Eswatini",1591,421,805,355,1591,1000,2000,2000,2,2000,3000,3000,3000,3000,20200915,2000,1000,2000,2000,1000,1000,1000,4000,0,1000,0,0,2000,2000,1000,0,0,4000,0,0,5128,101,64.81,53.13,25,28763,"high"
"322","Eswatini",1591,421,805,355,1591,1000,2000,2000,2,2000,3000,3000,3000,3000,20201015,2000,1000,2000,2000,1000,1000,1000,2000,0,1000,0,0,2000,2000,1000,0,0,2000,0,0,5733,115,59.26,46.88,25,28763,"high"
"323","Eswatini",1591,421,805,355,1591,1000,2000,2000,2,2000,3000,3000,3000,3000,20201115,2000,1000,1000,2000,0,1000,1000,2000,1000,1000,0,0,2000,2000,1000,0,0,3000,0,0,6095,119,48.15,45.31,50,28763,"high"
"324","Eswatini",1591,421,805,355,1591,1000,2000,2000,2,2000,3000,3000,3000,3000,20201215,2000,1000,1000,3000,0,1000,1000,2000,1000,1000,0,0,2000,2000,1000,0,0,2000,0,0,6912,132,50.93,45.31,50,28763,"high"
"325","Togo",13,889,1021,1231,13,1000,1000,1000,2,1000,2000,2000,1000,2000,20200715,2000,2000,2000,2000,0,0,0,4000,1000,0,0,0,2000,1000,2000,0,0,3000,0,0,740,15,53.7,46.35,25,18167,"low"
"326","Togo",13,889,1021,1231,13,1000,1000,1000,2,1000,2000,2000,1000,2000,20200815,2000,2000,2000,2000,0,0,0,2000,1000,0,0,0,2000,1000,2000,0,0,3000,0,0,1130,27,45.37,41.67,25,18167,"low"
"327","Togo",13,889,1021,1231,13,1000,1000,1000,2,1000,2000,2000,1000,2000,20200915,2000,2000,1000,3000,0,1000,1000,1000,1000,0,0,0,2000,1000,1000,0,0,3000,0,0,1595,40,49.07,40.62,25,18167,"low"
"328","Togo",13,889,1021,1231,13,1000,1000,1000,2,1000,2000,2000,1000,2000,20201015,2000,1000,1000,3000,1000,1000,2000,2000,1000,2000,0,0,2000,1000,1000,0,0,3000,0,0,1996,51,59.26,52.6,75,18167,"low"
"329","Togo",13,889,1021,1231,13,1000,1000,1000,2,1000,2000,2000,1000,2000,20201115,1000,1000,1000,3000,1000,1000,2000,2000,1000,2000,0,0,2000,1000,1000,0,0,3000,0,0,2675,61,55.56,50.52,75,17167,"low"
"330","Togo",13,889,1021,1231,13,1000,1000,1000,2,1000,2000,2000,1000,2000,20201215,1000,2000,1000,3000,1000,2000,2000,2000,1000,2000,0,0,2000,2000,1000,0,0,3000,0,2000,3295,66,61.11,58.85,75,17167,"low"
"331","Turkmenistan",367,1333,1657,1525,367,1000,1000,1000,1,1000,1000,1000,1000,1000,20200715,1000,0,0,0,2000,0,2000,4000,0,0,0,0,1000,1000,0,0,0,1000,0,0,NA,NA,37.04,24.48,0,15249,"low"
"332","Turkmenistan",367,1333,1657,1525,367,1000,1000,1000,1,1000,1000,1000,1000,1000,20200815,1000,2000,2000,0,0,0,2000,4000,0,0,0,0,1000,1000,0,0,0,1000,0,0,NA,NA,47.22,30.21,0,15249,"low"
"333","Turkmenistan",367,1333,1657,1525,367,1000,1000,1000,1,1000,1000,1000,1000,1000,20200915,1000,2000,2000,0,0,0,2000,4000,0,1000,0,0,1000,1000,0,0,0,1000,0,0,NA,NA,47.22,33.33,25,15249,"low"
"334","Turkmenistan",367,1333,1657,1525,367,1000,1000,1000,1,1000,1000,1000,1000,1000,20201015,1000,3000,0,0,1000,0,2000,4000,0,1000,0,0,2000,0,0,0,0,3000,0,0,NA,NA,53.7,38.02,25,15249,"low"
"335","Turkmenistan",367,1333,1657,1525,367,1000,1000,1000,1,1000,1000,1000,1000,1000,20201115,1000,3000,2000,1000,2000,0,2000,4000,0,1000,0,0,2000,0,0,0,0,3000,0,0,NA,NA,73.15,48.96,25,15249,"low"
"336","Turkmenistan",367,1333,1657,1525,367,1000,1000,1000,1,1000,1000,1000,1000,1000,20201215,1000,3000,2000,1000,2000,0,2000,4000,0,1000,0,0,2000,0,0,0,0,3000,0,0,NA,NA,73.15,48.96,25,15249,"low"
"337","Timor-Leste",1615,853,1645,1525,1615,1000,2000,2000,NA,2000,2000,2000,1000,3000,20200715,2000,0,0,0,0,0,0,4000,2000,2000,0,0,2000,2000,2000,0,0,2000,0,0,24,0,29.63,42.71,100,27253,"high"
"338","Timor-Leste",1615,853,1645,1525,1615,1000,2000,2000,NA,2000,2000,2000,1000,3000,20200815,2000,0,0,0,0,0,0,4000,2000,0,0,0,2000,2000,2000,0,0,2000,0,0,25,0,29.63,36.46,50,27253,"high"
"339","Timor-Leste",1615,853,1645,1525,1615,1000,2000,2000,NA,2000,2000,2000,1000,3000,20200915,2000,0,0,0,0,0,0,4000,2000,0,0,0,2000,2000,2000,0,0,2000,0,0,27,0,29.63,36.46,50,27253,"high"
"340","Timor-Leste",1615,853,1645,1525,1615,1000,2000,2000,NA,2000,2000,2000,1000,3000,20201015,2000,0,1000,0,0,0,0,4000,1000,0,0,0,2000,1000,2000,0,0,2000,0,0,29,0,33.33,33.33,25,27253,"high"
"341","Timor-Leste",1615,853,1645,1525,1615,1000,2000,2000,NA,2000,2000,2000,1000,3000,20201115,1000,0,0,0,0,0,0,4000,1000,0,0,0,2000,1000,2000,0,0,3000,0,0,30,0,25.93,30.73,25,26253,"high"
"342","Timor-Leste",1615,853,1645,1525,1615,1000,2000,2000,NA,2000,2000,2000,1000,3000,20201215,1000,0,0,0,0,2000,0,2000,1000,0,0,0,2000,1000,2000,0,0,3000,0,0,31,0,27.78,31.77,25,26253,"high"
"343","Tonga",1621,1309,1687,1525,1621,1000,1000,1000,2,2000,3000,2000,1000,2000,20200715,1000,0,1000,3000,0,2000,0,4000,0,0,0,0,2000,1000,1000,0,0,0,0,0,NA,NA,47.22,31.77,0,23763,"middle"
"344","Tonga",1621,1309,1687,1525,1621,1000,1000,1000,2,2000,3000,2000,1000,2000,20200815,1000,0,1000,3000,0,2000,0,4000,0,0,0,0,2000,1000,1000,0,0,0,0,0,NA,NA,47.22,31.77,0,23763,"middle"
"345","Tonga",1621,1309,1687,1525,1621,1000,1000,1000,2,2000,3000,2000,1000,2000,20200915,1000,0,1000,3000,0,2000,0,4000,0,0,0,0,2000,1000,1000,0,0,0,0,0,NA,NA,47.22,31.77,0,23763,"middle"
"346","Tonga",1621,1309,1687,1525,1621,1000,1000,1000,2,2000,3000,2000,1000,2000,20201015,1000,0,1000,3000,0,2000,0,4000,0,0,0,0,2000,1000,1000,0,0,0,0,0,NA,NA,47.22,31.77,0,23763,"middle"
"347","Tonga",1621,1309,1687,1525,1621,1000,1000,1000,2,2000,3000,2000,1000,2000,20201115,1000,0,1000,3000,0,2000,0,4000,0,0,0,0,2000,1000,1000,0,0,0,0,0,NA,NA,47.22,31.77,0,23763,"middle"
"348","Tonga",1621,1309,1687,1525,1621,1000,1000,1000,2,2000,3000,2000,1000,2000,20201215,1000,0,1000,3000,0,2000,0,4000,0,0,0,0,2000,1000,1000,0,0,0,0,0,NA,NA,47.22,31.77,0,23763,"middle"
"349","Trinidad and Tobago",319,475,685,739,319,1000,2000,1000,2,2000,2000,2000,2000,2000,20200715,3000,1000,2000,3000,0,0,0,4000,2000,1000,0,0,2000,2000,2000,0,0,3000,0,1000,133,8,56.48,58.33,75,21537,"low"
"350","Trinidad and Tobago",319,475,685,739,319,1000,2000,1000,2,2000,2000,2000,2000,2000,20200815,3000,2000,2000,3000,0,0,0,4000,0,0,0,0,2000,2000,2000,0,0,3000,0,1000,497,10,60.19,51.04,0,21537,"low"
"351","Trinidad and Tobago",319,475,685,739,319,1000,2000,1000,2,2000,2000,2000,2000,2000,20200915,3000,2000,2000,4000,1000,1000,2000,4000,0,0,0,0,2000,1000,2000,0,0,4000,0,1000,3223,56,80.56,61.98,0,21537,"low"
"352","Trinidad and Tobago",319,475,685,739,319,1000,2000,1000,2,2000,2000,2000,2000,2000,20201015,3000,2000,2000,3000,1000,1000,0,4000,0,0,0,0,2000,1000,2000,0,0,4000,0,1000,5194,93,69.44,55.73,0,21537,"low"
"353","Trinidad and Tobago",319,475,685,739,319,1000,2000,1000,2,2000,2000,2000,2000,2000,20201115,3000,2000,2000,3000,1000,0,0,4000,0,0,0,0,2000,1000,2000,0,0,4000,0,1000,6080,112,65.74,53.65,0,21537,"low"
"354","Trinidad and Tobago",319,475,685,739,319,1000,2000,1000,2,2000,2000,2000,2000,2000,20201215,3000,2000,2000,4000,1000,0,0,4000,1000,0,0,0,2000,1000,2000,0,0,4000,0,1000,6900,123,68.52,56.77,12.5,21537,"low"
"355","Tunisia",223,577,685,493,223,1000,2000,1000,2,1000,2000,1000,1000,2000,20200715,2000,0,0,0,0,0,0,3000,1000,2000,0,0,2000,1000,2000,0,0,0,0,0,1319,50,26.85,32.81,75,17201,"low"
"356","Tunisia",223,577,685,493,223,1000,2000,1000,2,1000,2000,1000,1000,2000,20200815,2000,0,0,0,0,0,0,2000,1000,2000,0,0,2000,1000,2000,0,0,0,0,0,2023,54,24.07,31.25,75,17201,"low"
"357","Tunisia",223,577,685,493,223,1000,2000,1000,2,1000,2000,1000,1000,2000,20200915,1000,0,0,0,0,0,0,3000,1000,2000,0,0,2000,1000,1000,0,0,3000,0,0,7623,123,23.15,32.29,75,16201,"low"
"358","Tunisia",223,577,685,493,223,1000,2000,1000,2,1000,2000,1000,1000,2000,20201015,1000,1000,2000,4000,0,2000,0,3000,1000,2000,0,0,2000,1000,0,0,0,3000,0,2000,34790,512,54.63,50,75,16201,"low"
"359","Tunisia",223,577,685,493,223,1000,2000,1000,2,1000,2000,1000,1000,2000,20201115,2000,1000,2000,4000,0,2000,2000,2000,1000,2000,0,0,2000,1000,1000,0,0,3000,0,2000,80404,2345,68.52,61.98,75,17201,"low"
"360","Tunisia",223,577,685,493,223,1000,2000,1000,2,1000,2000,1000,1000,2000,20201215,2000,1000,2000,4000,0,2000,2000,2000,1000,2000,0,0,2000,1000,1000,0,0,4000,0,2000,113241,3956,68.52,63.54,75,17201,"low"
"361","Uganda",919,259,823,1081,919,1000,1000,2000,2,2000,2000,2000,1000,2000,20200715,3000,2000,2000,4000,2000,2000,2000,4000,0,1000,0,0,2000,1000,1000,0,0,4000,0,2000,1043,0,87.04,67.71,25,22001,"middle"
"362","Uganda",919,259,823,1081,919,1000,1000,2000,2,2000,2000,2000,1000,2000,20200815,3000,2000,2000,4000,1000,2000,2000,2000,0,1000,0,0,2000,1000,2000,0,0,4000,0,2000,1434,13,81.48,67.71,25,22001,"middle"
"363","Uganda",919,259,823,1081,919,1000,1000,2000,2,2000,2000,2000,1000,2000,20200915,3000,2000,2000,4000,1000,2000,2000,2000,0,2000,0,0,2000,1000,1000,0,0,3000,0,2000,5123,58,81.48,66.15,50,22001,"middle"
"364","Uganda",919,259,823,1081,919,1000,1000,2000,2,2000,2000,2000,1000,2000,20201015,2000,2000,2000,4000,0,2000,2000,1000,0,2000,0,0,2000,1000,1000,0,0,4000,0,2000,10117,96,69.44,60.94,50,21001,"low"
"365","Uganda",919,259,823,1081,919,1000,1000,2000,2,2000,2000,2000,1000,2000,20201115,2000,2000,1000,2000,0,2000,0,1000,0,0,0,0,2000,1000,1000,0,0,4000,0,2000,16020,145,45.37,40.1,0,21001,"low"
"366","Uganda",919,259,823,1081,919,1000,1000,2000,2,2000,2000,2000,1000,2000,20201215,2000,2000,1000,2000,0,2000,0,1000,0,0,0,0,2000,1000,1000,0,0,2000,0,2000,28168,225,47.22,38.28,0,21001,"low"
"367","Ukraine",523,487,1387,1519,523,2000,1000,1000,1,3000,3000,2000,2000,2000,20200715,3000,1000,0,0,1000,1000,2000,1000,1000,1000,0,0,2000,2000,2000,0,0,3000,0,1000,56779,1444,41.67,45.31,37.5,25439,"high"
"368","Ukraine",523,487,1387,1519,523,2000,1000,1000,1,3000,3000,2000,2000,2000,20200815,3000,2000,1000,2000,2000,1000,2000,1000,1000,1000,0,0,2000,2000,2000,0,0,3000,0,3000,91795,2076,57.87,57.55,37.5,25439,"high"
"369","Ukraine",523,487,1387,1519,523,2000,1000,1000,1,3000,3000,2000,2000,2000,20200915,3000,2000,1000,2000,2000,1000,2000,4000,1000,1000,0,0,2000,2000,2000,0,0,3000,0,3000,163678,3326,64.35,61.2,37.5,25439,"high"
"370","Ukraine",523,487,1387,1519,523,2000,1000,1000,1,3000,3000,2000,2000,2000,20201015,3000,2000,1000,2000,2000,1000,2000,2000,1000,1000,0,0,2000,3000,2000,0,0,3000,0,3000,289022,5443,58.8,60.16,37.5,25439,"high"
"371","Ukraine",523,487,1387,1519,523,2000,1000,1000,1,3000,3000,2000,2000,2000,20201115,3000,2000,1000,3000,2000,1000,2000,2000,1000,1000,0,0,2000,3000,2000,0,0,3000,0,3000,551533,9904,61.57,61.72,37.5,25439,"high"
"372","Ukraine",523,487,1387,1519,523,2000,1000,1000,1,3000,3000,2000,2000,2000,20201215,3000,2000,1000,3000,2000,1000,2000,2000,1000,1000,0,0,2000,3000,2000,0,0,3000,0,3000,934161,16038,61.57,61.72,37.5,25439,"high"
"373","Uruguay",91,1273,901,469,91,3000,3000,2000,3,2000,2000,3000,2000,2000,20200715,1000,1000,2000,0,0,0,0,3000,1000,2000,0,0,2000,3000,1000,0,0,2000,0,2000,1009,31,37.96,45.83,62.5,24825,"middle"
"374","Uruguay",91,1273,901,469,91,3000,3000,2000,3,2000,2000,3000,2000,2000,20200815,1000,1000,2000,0,0,0,0,3000,2000,2000,0,0,2000,3000,1000,0,0,2000,0,2000,1434,38,37.96,48.96,87.5,24825,"middle"
"375","Uruguay",91,1273,901,469,91,3000,3000,2000,3,2000,2000,3000,2000,2000,20200915,1000,1000,1000,0,0,0,0,3000,2000,2000,0,0,2000,3000,1000,0,0,2000,0,2000,1827,45,32.41,45.83,87.5,24825,"middle"
"376","Uruguay",91,1273,901,469,91,3000,3000,2000,3,2000,2000,3000,2000,2000,20201015,1000,1000,2000,2000,0,0,0,3000,2000,2000,0,0,2000,3000,1000,0,0,2000,0,2000,2417,51,43.52,52.08,87.5,24825,"middle"
"377","Uruguay",91,1273,901,469,91,3000,3000,2000,3,2000,2000,3000,2000,2000,20201115,1000,1000,2000,2000,0,0,0,3000,2000,2000,0,0,2000,3000,1000,0,0,2000,0,2000,4030,65,43.52,52.08,87.5,24825,"middle"
"378","Uruguay",91,1273,901,469,91,3000,3000,2000,3,2000,2000,3000,2000,2000,20201215,1000,2000,2000,3000,0,0,0,3000,2000,2000,0,0,2000,3000,1000,0,0,2000,0,2000,10418,98,50,55.73,87.5,24825,"middle"
"379","Uzbekistan",115,865,1423,1489,115,2000,2000,3000,3,3000,3000,3000,2000,2000,20200715,3000,2000,2000,3000,1000,2000,1000,3000,1000,1000,0,0,2000,1000,2000,0,0,3000,0,3000,14581,71,71.3,64.84,50,29007,"high"
"380","Uzbekistan",115,865,1423,1489,115,2000,2000,3000,3,3000,3000,3000,2000,2000,20200815,2000,2000,1000,3000,0,1000,0,3000,1000,1000,0,0,2000,1000,2000,0,0,3000,0,1000,34528,225,51.85,49.74,50,28007,"high"
"381","Uzbekistan",115,865,1423,1489,115,2000,2000,3000,3,3000,3000,3000,2000,2000,20200915,2000,1000,1000,3000,0,1000,0,2000,1000,1000,0,0,2000,1000,2000,0,0,2000,0,1000,48429,402,43.52,44.27,50,28007,"high"
"382","Uzbekistan",115,865,1423,1489,115,2000,2000,3000,3,3000,3000,3000,2000,2000,20201015,2000,1000,1000,3000,0,1000,0,2000,1000,1000,0,0,2000,1000,2000,0,0,2000,0,1000,62278,518,43.52,44.27,50,28007,"high"
"383","Uzbekistan",115,865,1423,1489,115,2000,2000,3000,3,3000,3000,3000,2000,2000,20201115,1000,1000,1000,3000,0,1000,0,2000,1000,1000,0,0,2000,1000,2000,0,0,2000,0,1000,70243,598,39.81,42.19,50,27007,"high"
"384","Uzbekistan",115,865,1423,1489,115,2000,2000,3000,3,3000,3000,3000,2000,2000,20201215,1000,1000,1000,3000,0,1000,0,2000,1000,1000,0,0,2000,1000,2000,0,0,2000,0,1000,75241,612,39.81,42.19,50,27007,"high"
"385","Vanuatu",1543,1303,1681,1483,1543,1000,1000,1000,3,1000,2000,2000,1000,1000,20200715,0,2000,0,0,0,0,0,4000,0,1000,0,0,2000,1000,1000,0,0,0,0,1000,0,0,29.63,27.08,25,18553,"low"
"386","Vanuatu",1543,1303,1681,1483,1543,1000,1000,1000,3,1000,2000,2000,1000,1000,20200815,0,2000,0,0,0,0,0,4000,0,1000,0,0,2000,1000,1000,0,0,0,0,1000,0,0,29.63,27.08,25,18553,"low"
"387","Vanuatu",1543,1303,1681,1483,1543,1000,1000,1000,3,1000,2000,2000,1000,1000,20200915,0,0,0,0,0,0,0,4000,0,1000,0,0,2000,1000,1000,0,0,0,0,1000,0,0,22.22,22.92,25,18553,"low"
"388","Vanuatu",1543,1303,1681,1483,1543,1000,1000,1000,3,1000,2000,2000,1000,1000,20201015,0,0,0,0,0,0,0,4000,0,1000,0,0,2000,1000,1000,0,0,0,0,1000,0,0,22.22,22.92,25,18553,"low"
"389","Vanuatu",1543,1303,1681,1483,1543,1000,1000,1000,3,1000,2000,2000,1000,1000,20201115,0,0,0,0,0,0,2000,4000,0,1000,0,0,2000,1000,2000,0,0,0,0,1000,1,0,30.56,30.73,25,18553,"low"
"390","Vanuatu",1543,1303,1681,1483,1543,1000,1000,1000,3,1000,2000,2000,1000,1000,20201215,0,0,0,0,0,0,2000,4000,0,1000,0,0,2000,1000,2000,0,0,0,0,0,1,0,30.56,28.65,25,18553,"low"
"391","Yemen",865,631,1387,1129,865,1000,1000,1000,1,1000,1000,1000,1000,2000,20200715,3000,1000,0,0,0,0,0,4000,0,0,0,0,1000,0,0,0,0,0,0,0,1526,433,31.48,17.71,0,18877,"low"
"392","Yemen",865,631,1387,1129,865,1000,1000,1000,1,1000,1000,1000,1000,2000,20200815,3000,1000,0,0,0,0,0,4000,0,0,0,0,1000,0,0,0,0,0,0,0,1858,528,31.48,17.71,0,18877,"low"
"393","Yemen",865,631,1387,1129,865,1000,1000,1000,1,1000,1000,1000,1000,2000,20200915,2000,1000,0,0,0,0,0,4000,0,0,0,0,1000,0,0,0,0,0,0,0,2016,583,27.78,15.62,0,17877,"low"
"394","Yemen",865,631,1387,1129,865,1000,1000,1000,1,1000,1000,1000,1000,2000,20201015,0,0,0,0,0,2000,2000,1000,0,0,0,0,1000,1000,1000,0,0,1000,0,2000,2053,596,25,23.96,0,15877,"low"
"395","Yemen",865,631,1387,1129,865,1000,1000,1000,1,1000,1000,1000,1000,2000,20201115,0,0,0,0,0,0,1000,1000,0,0,0,0,1000,1000,1000,0,0,1000,0,0,2068,603,13.89,14.58,0,15877,"low"
"396","Yemen",865,631,1387,1129,865,1000,1000,1000,1,1000,1000,1000,1000,2000,20201215,0,0,0,0,0,0,1000,2000,0,0,0,0,1000,1000,1000,0,0,1000,0,0,2085,606,16.67,16.15,0,15877,"low"
"397","South Africa",907,865,1429,955,907,2000,2000,2000,1,1000,2000,2000,3000,2000,20200715,2000,2000,2000,3000,1000,2000,2000,4000,1000,2000,0,0,2000,3000,2000,0,0,3000,0,3000,311049,4453,80.56,78.12,75,25063,"middle"
"398","South Africa",907,865,1429,955,907,2000,2000,2000,1,1000,2000,2000,3000,2000,20200815,2000,2000,2000,3000,0,2000,2000,4000,1000,2000,0,0,2000,3000,2000,0,0,3000,0,3000,583653,11677,75,75,75,25063,"middle"
"399","South Africa",907,865,1429,955,907,2000,2000,2000,1,1000,2000,2000,3000,2000,20200915,2000,2000,2000,4000,0,2000,1000,4000,1000,2000,0,0,2000,3000,2000,0,0,3000,0,3000,651521,15641,72.22,73.44,75,25063,"middle"
"400","South Africa",907,865,1429,955,907,2000,2000,2000,1,1000,2000,2000,3000,2000,20201015,1000,1000,1000,2000,0,2000,1000,3000,1000,2000,0,0,2000,3000,2000,0,0,3000,0,3000,698184,18309,50.93,61.46,75,24063,"middle"
"401","South Africa",907,865,1429,955,907,2000,2000,2000,1,1000,2000,2000,3000,2000,20201115,0,1000,1000,2000,0,2000,0,1000,1000,2000,0,0,2000,3000,2000,0,0,3000,0,3000,751024,20241,36.11,53.12,75,23063,"middle"
"402","South Africa",907,865,1429,955,907,2000,2000,2000,1,1000,2000,2000,3000,2000,20201215,1000,1000,1000,2000,1000,2000,0,1000,1000,2000,0,0,2000,3000,2000,0,0,3000,0,3000,873679,23661,45.37,58.33,75,24063,"middle"
"403","Zambia",319,1243,1363,847,319,1000,2000,2000,2,1000,3000,2000,2000,2000,20200715,2000,2000,1000,3000,0,0,1000,2000,0,1000,0,0,2000,1000,2000,0,0,3000,0,0,1895,42,50.93,44.79,25,23091,"middle"
"404","Zambia",319,1243,1363,847,319,1000,2000,2000,2,1000,3000,2000,2000,2000,20200815,2000,2000,1000,3000,0,0,1000,2000,0,1000,0,0,2000,1000,2000,0,0,3000,0,0,9186,260,50.93,44.79,25,23091,"middle"
"405","Zambia",319,1243,1363,847,319,1000,2000,2000,2,1000,3000,2000,2000,2000,20200915,1000,2000,1000,3000,0,0,1000,2000,0,1000,0,0,2000,1000,2000,0,0,3000,0,0,13819,324,47.22,42.71,25,22091,"middle"
"406","Zambia",319,1243,1363,847,319,1000,2000,2000,2,1000,3000,2000,2000,2000,20201015,1000,2000,1000,4000,0,1000,0,1000,0,1000,0,0,2000,1000,2000,0,0,3000,0,0,15659,346,45.37,41.67,25,22091,"middle"
"407","Zambia",319,1243,1363,847,319,1000,2000,2000,2,1000,3000,2000,2000,2000,20201115,1000,2000,1000,4000,0,1000,0,1000,0,1000,0,0,2000,1000,2000,0,0,3000,0,0,17123,353,45.37,41.67,25,22091,"middle"
"408","Zambia",319,1243,1363,847,319,1000,2000,2000,2,1000,3000,2000,2000,2000,20201215,2000,2000,1000,4000,0,1000,0,1000,0,1000,0,0,2000,3000,2000,0,0,3000,0,0,18428,368,49.07,47.92,25,23091,"middle"
"409","Zimbabwe",451,445,907,955,451,2000,2000,1000,2,1000,2000,2000,1000,2000,20200715,2000,1000,2000,3000,1000,1000,2000,4000,1000,0,0,0,2000,1000,1000,0,0,4000,0,0,1089,20,73.15,55.73,25,20209,"low"
"410","Zimbabwe",451,445,907,955,451,2000,2000,1000,2,1000,2000,2000,1000,2000,20200815,3000,1000,2000,3000,1000,2000,2000,4000,1000,0,0,0,2000,1000,1000,0,0,4000,0,0,5176,130,80.56,59.9,25,21209,"low"
"411","Zimbabwe",451,445,907,955,451,2000,2000,1000,2,1000,2000,2000,1000,2000,20200915,2000,1000,2000,3000,1000,2000,2000,4000,1000,0,0,0,2000,1000,1000,0,0,3000,0,0,7576,224,76.85,56.25,25,20209,"low"
"412","Zimbabwe",451,445,907,955,451,2000,2000,1000,2,1000,2000,2000,1000,2000,20201015,2000,1000,2000,3000,1000,2000,2000,2000,1000,0,0,0,2000,1000,1000,0,0,1000,0,0,8075,231,71.3,50,25,20209,"low"
"413","Zimbabwe",451,445,907,955,451,2000,2000,1000,2,1000,2000,2000,1000,2000,20201115,1000,1000,2000,3000,1000,2000,2000,2000,1000,0,0,0,2000,1000,1000,0,0,3000,0,0,8829,257,67.59,51.04,25,19209,"low"
"414","Zimbabwe",451,445,907,955,451,2000,2000,1000,2,1000,2000,2000,1000,2000,20201215,1000,1000,2000,3000,1000,2000,2000,2000,1000,0,0,0,2000,1000,1000,0,0,3000,0,0,11522,310,67.59,51.04,25,19209,"low"
