"","unicef_country","days_academic_break","days_fully_closed","days_fully_open","days_partially_closed","instruction_days","tracking_or_monitoring_of_student_learning","content_need_sensitive","Support_vulnerable","usage_of_remote_learning_platforms","parental_caregiver_support","curriculum_coverage","access_to_remote_learning","teacher_support","quality_remote_platform_content","prop_instruction","prop_closed","prop_break","prop_open","open_rank","instruction_rank","closed_rank","break_rank","schooling_index","date","c1_school_closing","c2_workplace_closing","c3_cancel_public_events","c4_restrictions_on_gatherings","c5_close_public_transport","c6_stay_at_home_requirements","c7_restrictions_on_internal_movement","c8_international_travel_controls","e1_income_support","e2_debt_contract_relief","e3_fiscal_measures","e4_international_support","h1_public_information_campaigns","h2_testing_policy","h3_contact_tracing","h4_emergency_investment_in_healthcare","h5_investment_in_vaccines","h6_facial_coverings","h7_vaccination_policy","h8_protection_of_elderly_people","confirmed_cases","confirmed_deaths","stringency_index","government_response_index","economic_support_index","talent_competitiveness_ranking_imd","position_2020","best_countries_for_education_ranking_us_news_2020","best_countries_for_education_ranking_us_news_2021","quality_of_education_system_ceoworld","opportunity_in_education_ceoworld","pisa_reading_2018","pisa_math_2018","pisa_science_2018","iv_index_no_timss","pisa_index","ceoworld_index","m8_avg_scale_score","m8_scaled","s8_avg_scale_score","s8_scaled","m4_avg_scale_score","m4_scaled","s4_avg_scale_score","s4_scaled","TIMSS_score"
"1","Afghanistan",32,115,55,33,203,1,2,2,0,1,3,2,2,2,0.556164383561644,0.315068493150685,0.0876712328767123,0.150684931506849,87,168,35,168,458,20201215,1,0,0,0,0,0,0,1,0,0,0,0,1,3,1,0,0,3,0,0,49484,1975,12.04,20.83,0,NA,NA,NA,NA,NA,NA,NA,NA,NA,NA,NA,NA,NA,NA,NA,NA,NA,NA,NA,NA,NA
"2","Angola",0,139,9,87,235,NA,NA,NA,NA,NA,NA,NA,NA,NA,0.643835616438356,0.380821917808219,0,0.0246575342465753,59,198,27,198,482,20201215,2,2,1,3,1,1,1,4,0,0,0,0,2,2,0,0,0,3,0,0,16362,372,65.74,45.83,0,NA,NA,NA,NA,NA,NA,NA,NA,NA,NA,NA,NA,NA,NA,NA,NA,NA,NA,NA,NA,NA
"3","Anguilla",62,20,93,60,173,1,1,1,2,2,2,2,2,2,0.473972602739726,0.0547945205479452,0.16986301369863,0.254794520547945,136,74,174,74,458,NA,NA,NA,NA,NA,NA,NA,NA,NA,NA,NA,NA,NA,NA,NA,NA,NA,NA,NA,NA,NA,NA,NA,NA,NA,NA,NA,NA,NA,NA,NA,NA,NA,NA,NA,NA,NA,NA,NA,NA,NA,NA,NA,NA,NA,NA,NA
"4","Albania",77,41,92,25,158,NA,NA,NA,NA,NA,NA,NA,NA,NA,0.432876712328767,0.112328767123288,0.210958904109589,0.252054794520548,134,32,148,32,346,20201215,1,2,2,4,0,2,2,1,1,1,0,0,2,2,2,0,0,4,0,3,50000,1028,65.74,66.15,50,NA,NA,NA,NA,24,24,17,31,20,NA,68,48,NA,NA,NA,NA,NA,NA,NA,NA,NA
"5","Andorra",50,77,105,3,185,NA,NA,NA,NA,NA,NA,NA,NA,NA,0.506849315068493,0.210958904109589,0.136986301369863,0.287671232876712,152,120,74,120,466,20201215,1,2,2,4,1,0,0,1,2,2,0,0,2,3,2,0,0,3,0,2,7382,79,52.78,63.54,100,NA,NA,NA,NA,NA,NA,NA,NA,NA,NA,NA,NA,NA,NA,NA,NA,NA,NA,NA,NA,NA
"6","United Arab Emirates",67,168,0,0,168,3,3,2,3,3,3,3,3,3,0.46027397260274,0.46027397260274,0.183561643835616,0,1,55,14,55,125,20201215,1,1,2,4,0,0,1,2,0,2,0,0,2,3,2,0,0,3,1,0,187267,622,49.07,52.29,50,NA,NA,NA,NA,NA,NA,NA,NA,NA,NA,NA,NA,14,1.9,14,2.2,10,1.7,10,2.1,48
"7","Argentina",33,111,3,88,202,NA,NA,NA,NA,NA,NA,NA,NA,NA,0.553424657534247,0.304109589041096,0.0904109589041096,0.00821917808219178,29,165,38,165,397,20201215,3,2,2,4,2,2,2,3,1,2,0,0,2,2,2,0,0,3,0,1,1510203,41204,79.17,71.09,75,17,47,29,34,30,30,15,7,13,142,35,60,NA,NA,NA,NA,NA,NA,NA,NA,NA
"8","Armenia",120,45,40,30,115,1,1,1,2,1,3,2,2,2,0.315068493150685,0.123287671232877,0.328767123287671,0.10958904109589,75,3,137,3,218,NA,NA,NA,NA,NA,NA,NA,NA,NA,NA,NA,NA,NA,NA,NA,NA,NA,NA,NA,NA,NA,NA,NA,NA,NA,NA,NA,NA,NA,NA,NA,NA,NA,NA,NA,NA,NA,NA,NA,NA,NA,NA,NA,NA,NA,NA,NA
"9","Antigua and Barbuda",64,78,2,91,171,1,2,1,2,2,2,2,2,2,0.468493150684932,0.213698630136986,0.175342465753425,0.00547945205479452,24,64,73,64,225,NA,NA,NA,NA,NA,NA,NA,NA,NA,NA,NA,NA,NA,NA,NA,NA,NA,NA,NA,NA,NA,NA,NA,NA,NA,NA,NA,NA,NA,NA,NA,NA,NA,NA,NA,NA,NA,NA,NA,NA,NA,NA,NA,NA,NA,NA,NA
"10","Australia",37,0,73,125,198,NA,NA,NA,NA,NA,NA,NA,NA,NA,0.542465753424658,0,0.101369863013699,0.2,104,154,189,154,601,20201215,1,2,2,4,1,1,2,4,1,2,0,0,2,2,2,0,0,2,0,2,28060,908,62.5,60.42,75,51,13,7,8,88,88,61,50,62,362,173,176,30,3.8,32,3.2,17,2.8,23,2.4,102
"11","Austria",58,71,85,21,177,NA,NA,NA,NA,NA,NA,NA,NA,NA,0.484931506849315,0.194520547945205,0.158904109589041,0.232876712328767,124,84,88,84,380,20201215,1,2,2,4,1,2,1,3,2,2,0,0,2,3,2,0,0,3,0,3,327679,4648,71.3,76.04,100,58,6,13,16,51,50,50,56,51,264,157,101,NA,NA,NA,NA,NA,NA,NA,NA,NA
"12","Azerbaijan",88,111,0,36,147,NA,NA,NA,NA,NA,NA,NA,NA,NA,0.402739726027397,0.304109589041096,0.241095890410959,0,1,12,38,12,63,20201215,3,3,2,4,1,2,2,4,1,0,0,0,2,2,2,0,0,4,0,3,183259,2007,80.09,67.71,12.5,NA,NA,61,65,23,23,10,23,11,NA,44,46,NA,NA,NA,NA,NA,NA,NA,NA,NA
"13","Burundi",58,0,177,0,177,NA,NA,NA,NA,NA,NA,NA,3,NA,0.484931506849315,0,0.158904109589041,0.484931506849315,194,84,189,84,551,20201215,1,0,0,0,0,0,0,2,1,1,0,0,1,1,1,0,0,1,0,0,735,1,14.81,19.79,37.5,NA,NA,NA,NA,NA,NA,NA,NA,NA,NA,NA,NA,NA,NA,NA,NA,NA,NA,NA,NA,NA
"14","Belgium",57,36,102,40,178,NA,NA,NA,NA,NA,NA,NA,NA,NA,0.487671232876712,0.0986301369863014,0.156164383561644,0.279452054794521,146,90,155,90,481,20201215,1,2,2,4,0,2,0,3,2,2,0,0,2,2,2,0,0,3,0,2,611422,18178,60.19,65.62,100,48,16,18,18,72,72,55,64,59,338,178,144,NA,NA,NA,NA,NA,NA,NA,NA,NA
"15","Benin",54,21,105,55,181,1,1,1,1,1,1,2,1,2,0.495890410958904,0.0575342465753425,0.147945205479452,0.287671232876712,152,103,172,103,530,20201215,1,1,1,3,0,0,0,1,2,1,0,0,2,1,2,0,0,4,0,0,3090,44,35.19,42.19,62.5,NA,NA,NA,NA,NA,NA,NA,NA,NA,NA,NA,NA,NA,NA,NA,NA,NA,NA,NA,NA,NA
"16","Burkina Faso",85,48,81,21,150,2,2,2,3,3,3,3,3,3,0.410958904109589,0.131506849315068,0.232876712328767,0.221917808219178,118,16,134,16,284,20201215,0,0,0,0,0,0,0,1,0,0,0,0,2,3,2,0,0,3,0,0,4300,73,13.89,25,0,NA,NA,NA,NA,NA,NA,NA,NA,NA,NA,NA,NA,NA,NA,NA,NA,NA,NA,NA,NA,NA
"17","Bangladesh",33,198,4,0,202,2,2,1,3,2,3,3,2,3,0.553424657534247,0.542465753424658,0.0904109589041096,0.010958904109589,49,165,3,165,382,20201215,3,3,2,4,2,2,2,3,0,2,0,0,2,2,1,0,0,4,1,0,494209,7129,80.09,66.09,50,NA,NA,NA,NA,NA,NA,NA,NA,NA,NA,NA,NA,NA,NA,NA,NA,NA,NA,NA,NA,NA
"18","Bulgaria",70,80,41,44,165,1,1,1,2,1,3,2,2,3,0.452054794520548,0.219178082191781,0.191780821917808,0.112328767123288,76,46,70,46,238,20201215,2,3,2,2,0,0,0,3,1,2,0,0,2,1,2,0,0,3,0,0,184287,6005,54.63,53.12,75,9,55,43,49,42,42,24,30,23,216,77,84,NA,NA,NA,NA,NA,NA,NA,NA,NA
"19","Bahrain",62,108,0,65,173,NA,NA,NA,NA,NA,NA,NA,NA,NA,0.473972602739726,0.295890410958904,0.16986301369863,0,1,74,41,74,190,20201215,1,2,2,4,0,1,0,1,2,2,0,0,2,3,2,0,0,3,0,2,89444,348,50.93,60.94,87.5,NA,NA,NA,NA,40,40,NA,NA,NA,NA,NA,80,16,1.7,18,1.9,9,2.6,12,3.4,55
"20","Bahamas",66,95,3,71,169,NA,NA,NA,NA,NA,NA,NA,NA,NA,0.463013698630137,0.26027397260274,0.180821917808219,0.00821917808219178,29,57,57,57,200,20201215,3,2,2,4,1,2,2,1,0,0,0,0,2,1,2,0,0,3,0,3,7698,164,68.98,58.07,0,NA,NA,NA,NA,18,18,NA,NA,NA,NA,NA,36,NA,NA,NA,NA,NA,NA,NA,NA,NA
"21","Bosnia and Herzegovina",81,54,0,100,154,2,1,1,2,1,2,3,2,2,0.421917808219178,0.147945205479452,0.221917808219178,0,1,27,123,27,178,20201215,1,1,2,3,0,2,0,1,0,0,0,0,2,2,0,0,0,3,0,3,102330,3457,48.15,41.15,0,NA,NA,NA,NA,NA,NA,NA,NA,NA,NA,NA,NA,NA,NA,NA,NA,NA,NA,NA,NA,NA
"22","Belarus",76,0,159,0,159,3,1,1,3,2,3,2,2,3,0.435616438356164,0,0.208219178082192,0.435616438356164,189,36,189,36,450,20201215,0,0,1,4,0,1,0,4,0,0,0,0,1,3,2,0,0,3,0,1,164059,1282,37.04,39.32,0,NA,NA,51,52,NA,NA,42,40,42,NA,124,NA,NA,NA,NA,NA,NA,NA,NA,NA,NA
"23","Belize",74,70,8,83,161,1,1,NA,3,2,2,2,2,2,0.441095890410959,0.191780821917808,0.202739726027397,0.0219178082191781,56,40,91,40,227,20201215,3,2,2,4,1,1,2,1,1,2,0,0,2,2,2,0,0,3,0,1,9511,211,72.22,65.62,62.5,NA,NA,NA,NA,NA,NA,NA,NA,NA,NA,NA,NA,NA,NA,NA,NA,NA,NA,NA,NA,NA
"24","Bolivia (Plurinational State of)",40,192,1,2,195,1,2,1,1,0,3,2,3,1,0.534246575342466,0.526027397260274,0.10958904109589,0.00273972602739726,20,146,4,146,316,NA,NA,NA,NA,NA,NA,NA,NA,NA,NA,NA,NA,NA,NA,NA,NA,NA,NA,NA,NA,NA,NA,NA,NA,NA,NA,NA,NA,NA,NA,NA,NA,NA,NA,NA,NA,NA,NA,NA,NA,NA,NA,NA,NA,NA,NA,NA
"25","Brazil",34,191,1,9,201,1,1,1,2,1,NA,2,1,2,0.550684931506849,0.523287671232877,0.0931506849315069,0.00273972602739726,20,162,5,162,349,20201215,3,3,2,4,1,2,2,1,1,1,0,0,2,2,2,0,0,4,0,1,6970034,182799,67.13,62.76,50,5,59,30,36,45,45,21,9,13,192,43,90,NA,NA,NA,NA,NA,NA,NA,NA,NA
"26","Barbados",65,44,41,85,170,1,2,1,2,2,2,2,2,2,0.465753424657534,0.120547945205479,0.178082191780822,0.112328767123288,76,62,139,62,339,20201215,1,1,1,2,1,0,0,2,1,2,0,0,2,2,2,0,0,2,0,2,297,7,40.74,48.44,62.5,NA,NA,NA,NA,13,13,NA,NA,NA,NA,NA,26,NA,NA,NA,NA,NA,NA,NA,NA,NA
"27","Brunei Darussalam",35,44,117,39,200,NA,NA,NA,NA,NA,NA,NA,NA,NA,0.547945205479452,0.120547945205479,0.0958904109589041,0.320547945205479,163,159,139,159,620,NA,NA,NA,NA,NA,NA,NA,NA,NA,NA,NA,NA,NA,NA,NA,NA,NA,NA,NA,NA,NA,NA,NA,NA,NA,NA,NA,NA,NA,NA,NA,NA,NA,NA,NA,NA,NA,NA,NA,NA,NA,NA,NA,NA,NA,NA,NA
"28","Bhutan",0,99,2,134,235,1,3,2,2,3,2,2,2,2,0.643835616438356,0.271232876712329,0,0.00547945205479452,24,198,51,198,471,20201215,2,1,2,3,0,1,2,3,1,2,0,0,2,2,2,0,0,4,0,1,439,0,64.81,64.58,75,NA,NA,NA,NA,NA,NA,NA,NA,NA,NA,NA,NA,NA,NA,NA,NA,NA,NA,NA,NA,NA
"29","Botswana",45,34,91,65,190,NA,NA,NA,3,NA,3,3,NA,3,0.520547945205479,0.0931506849315069,0.123287671232877,0.249315068493151,132,134,156,134,556,20201215,1,1,1,3,0,1,1,2,0,0,0,0,2,2,2,0,0,4,0,0,12873,38,47.22,43.23,0,NA,NA,NA,NA,1,1,NA,NA,NA,NA,NA,2,NA,NA,NA,NA,NA,NA,NA,NA,NA
"30","Central African Republic",38,67,78,52,197,2,2,2,2,NA,2,2,2,2,0.53972602739726,0.183561643835616,0.104109589041096,0.213698630136986,112,152,101,152,517,20201215,0,0,0,0,0,1,0,2,1,1,0,0,2,1,1,0,0,3,0,0,4936,63,20.37,27.6,50,NA,NA,NA,NA,NA,NA,NA,NA,NA,NA,NA,NA,NA,NA,NA,NA,NA,NA,NA,NA,NA
"31","Canada",70,66,2,97,165,NA,NA,NA,NA,NA,NA,NA,NA,NA,0.452054794520548,0.180821917808219,0.191780821917808,0.00547945205479452,24,46,104,46,220,20201215,3,3,2,4,0,1,2,4,2,1,0,0,2,2,1,0,0,3,2,3,480952,13793,70.83,66.56,62.5,56,8,3,4,83,83,71,67,71,383,209,166,NA,NA,NA,NA,NA,NA,NA,NA,NA
"32","Switzerland",52,29,152,2,183,NA,NA,NA,NA,NA,NA,NA,NA,NA,0.501369863013699,0.0794520547945206,0.142465753424658,0.416438356164384,185,114,166,114,579,20201215,2,2,2,4,0,1,0,3,2,0,0,0,2,2,2,0,0,3,0,3,388828,6439,60.19,58.85,37.5,63,1,6,6,81,81,50,68,56,337,174,162,NA,NA,NA,NA,NA,NA,NA,NA,NA
"33","Chile",33,67,3,132,202,1,NA,NA,2,3,1,2,2,1,0.553424657534247,0.183561643835616,0.0904109589041096,0.00821917808219178,29,165,101,165,460,20201215,3,3,2,4,1,3,2,1,2,2,0,0,2,3,2,0,0,2,0,3,575329,15949,73.61,75.78,100,23,41,35,48,37,37,35,20,34,204,89,74,9,2.8,12,2.9,6,2.7,9,2.6,36
"34","China",51,33,75,76,184,NA,NA,NA,NA,NA,NA,NA,NA,NA,0.504109589041096,0.0904109589041096,0.13972602739726,0.205479452054795,107,117,160,117,501,20201215,3,2,2,4,2,3,2,3,1,2,0,0,2,3,2,0,0,4,1,2,86770,4634,78.24,75.21,62.5,24,40,24,22,26,26,76,77,77,322,230,52,NA,NA,NA,NA,NA,NA,NA,NA,NA
"35","CÃ´te d'Ivoire",63,34,106,32,172,1,NA,NA,NA,1,NA,NA,1,NA,0.471232876712329,0.0931506849315069,0.172602739726027,0.29041095890411,154,69,156,69,448,NA,NA,NA,NA,NA,NA,NA,NA,NA,NA,NA,NA,NA,NA,NA,NA,NA,NA,NA,NA,NA,NA,NA,NA,NA,NA,NA,NA,NA,NA,NA,NA,NA,NA,NA,NA,NA,NA,NA,NA,NA,NA,NA,NA,NA,NA,NA
"36","Cameroon",69,40,73,53,166,1,3,NA,2,NA,2,2,3,2,0.454794520547945,0.10958904109589,0.189041095890411,0.2,104,48,150,48,350,20201215,1,0,1,3,0,0,0,1,0,0,0,0,0,2,0,0,0,3,0,1,25359,445,20.37,22.4,0,NA,NA,NA,NA,NA,NA,NA,NA,NA,NA,NA,NA,NA,NA,NA,NA,NA,NA,NA,NA,NA
"37","Democratic Republic of the Congo",22,107,61,45,213,1,1,1,1,1,3,2,1,2,0.583561643835616,0.293150684931507,0.0602739726027397,0.167123287671233,93,185,43,185,506,NA,NA,NA,NA,NA,NA,NA,NA,NA,NA,NA,NA,NA,NA,NA,NA,NA,NA,NA,NA,NA,NA,NA,NA,NA,NA,NA,NA,NA,NA,NA,NA,NA,NA,NA,NA,NA,NA,NA,NA,NA,NA,NA,NA,NA,NA,NA
"38","Congo",82,30,76,47,153,2,NA,NA,3,3,3,3,2,3,0.419178082191781,0.0821917808219178,0.224657534246575,0.208219178082192,109,23,163,23,318,20201215,1,1,1,3,0,2,0,2,0,0,0,0,2,1,0,0,0,3,0,0,6200,100,43.52,31.25,0,NA,NA,NA,NA,NA,NA,NA,NA,NA,NA,NA,NA,NA,NA,NA,NA,NA,NA,NA,NA,NA
"39","Cook Islands",40,19,176,0,195,NA,NA,NA,NA,2,NA,NA,NA,NA,0.534246575342466,0.0520547945205479,0.10958904109589,0.482191780821918,193,146,176,146,661,NA,NA,NA,NA,NA,NA,NA,NA,NA,NA,NA,NA,NA,NA,NA,NA,NA,NA,NA,NA,NA,NA,NA,NA,NA,NA,NA,NA,NA,NA,NA,NA,NA,NA,NA,NA,NA,NA,NA,NA,NA,NA,NA,NA,NA,NA,NA
"40","Colombia",59,115,3,58,176,1,2,1,1,2,2,1,2,3,0.482191780821918,0.315068493150685,0.161643835616438,0.00821917808219178,29,80,35,80,224,20201215,2,1,1,3,1,1,1,4,1,2,0,0,2,2,2,0,0,1,0,1,1444646,39356,60.19,57.29,75,6,58,49,51,8,8,20,10,16,120,46,16,NA,NA,NA,NA,NA,NA,NA,NA,NA
"41","Comoros",25,128,54,28,210,2,NA,1,1,1,3,3,2,3,0.575342465753425,0.350684931506849,0.0684931506849315,0.147945205479452,86,179,32,179,476,20201215,NA,NA,NA,NA,NA,NA,NA,NA,NA,NA,NA,NA,NA,NA,NA,NA,NA,NA,NA,NA,633,7,NA,NA,NA,NA,NA,NA,NA,NA,NA,NA,NA,NA,NA,NA,NA,NA,NA,NA,NA,NA,NA,NA,NA,NA
"42","Cabo Verde",48,101,86,0,187,NA,NA,NA,NA,NA,NA,NA,NA,NA,0.512328767123288,0.276712328767123,0.131506849315068,0.235616438356164,127,124,47,124,422,NA,NA,NA,NA,NA,NA,NA,NA,NA,NA,NA,NA,NA,NA,NA,NA,NA,NA,NA,NA,NA,NA,NA,NA,NA,NA,NA,NA,NA,NA,NA,NA,NA,NA,NA,NA,NA,NA,NA,NA,NA,NA,NA,NA,NA,NA,NA
"43","Costa Rica",42,189,4,0,193,1,2,2,2,2,2,2,2,2,0.528767123287671,0.517808219178082,0.115068493150685,0.010958904109589,49,144,6,144,343,20201215,3,2,2,3,0,1,0,1,1,1,0,0,2,1,1,0,0,3,0,2,154096,1956,55.56,51.56,50,NA,NA,54,6161,11,11,29,16,19,NA,64,22,NA,NA,NA,NA,NA,NA,NA,NA,NA
"44","Cuba",38,77,76,44,197,2,2,2,3,3,3,3,2,2,0.53972602739726,0.210958904109589,0.104109589041096,0.208219178082192,109,152,74,152,487,20201215,1,2,2,4,1,0,2,1,0,2,0,0,2,1,2,0,0,3,0,0,9588,137,56.48,51.04,50,NA,NA,NA,NA,NA,NA,NA,NA,NA,NA,NA,NA,NA,NA,NA,NA,NA,NA,NA,NA,NA
"45","Cyprus",83,48,67,37,152,NA,NA,NA,NA,NA,NA,NA,NA,NA,0.416438356164384,0.131506849315068,0.227397260273973,0.183561643835616,99,22,134,22,277,20201215,2,2,2,4,1,2,0,3,2,2,0,0,2,3,2,0,0,4,0,3,15450,83,69.44,76.56,100,47,17,NA,NA,62,62,27,34,32,234,93,124,24,1.6,17,1.9,22,2.9,18,3,81
"46","Czechia",54,68,31,82,181,NA,NA,NA,NA,NA,NA,NA,NA,NA,0.495890410958904,0.186301369863014,0.147945205479452,0.0849315068493151,68,103,96,103,370,NA,NA,NA,NA,NA,NA,NA,NA,NA,NA,NA,NA,NA,NA,NA,NA,NA,NA,NA,NA,NA,NA,NA,NA,NA,NA,NA,NA,NA,NA,NA,NA,NA,NA,NA,NA,NA,NA,NA,NA,NA,NA,NA,NA,NA,NA,NA
"47","Germany",51,42,92,50,184,NA,NA,NA,NA,NA,NA,NA,NA,NA,0.504109589041096,0.115068493150685,0.13972602739726,0.252054794520548,134,117,143,117,511,20201215,3,2,2,4,1,1,1,3,1,0,0,0,2,1,2,0,0,2,0,2,1391086,23544,75,59.38,12.5,53,11,4,3,82,82,58,58,62,353,178,164,NA,NA,NA,NA,NA,NA,NA,NA,NA
"48","Djibouti",97,34,104,0,138,NA,2,1,2,1,2,2,2,3,0.378082191780822,0.0931506849315069,0.265753424657534,0.284931506849315,151,5,156,5,317,20201215,1,1,2,4,0,0,0,1,1,0,0,0,2,2,2,0,0,2,0,0,5749,61,43.52,39.58,12.5,NA,NA,NA,NA,NA,NA,NA,NA,NA,NA,NA,NA,NA,NA,NA,NA,NA,NA,NA,NA,NA
"49","Dominica",47,85,103,0,188,1,2,1,2,2,2,2,2,2,0.515068493150685,0.232876712328767,0.128767123287671,0.282191780821918,148,129,66,129,472,20201215,1,1,2,3,0,2,0,2,1,1,0,0,2,2,2,0,0,3,0,1,88,0,50.93,52.08,50,NA,NA,NA,NA,NA,NA,NA,NA,NA,NA,NA,NA,NA,NA,NA,NA,NA,NA,NA,NA,NA
"50","Denmark",44,37,115,39,191,NA,NA,NA,NA,NA,NA,NA,NA,NA,0.523287671232877,0.101369863013699,0.120547945205479,0.315068493150685,161,138,154,138,591,20201215,2,2,2,4,0,1,0,3,2,2,0,0,2,3,1,0,0,2,0,2,116087,961,51.85,58.33,100,62,2,10,12,83,84,60,65,54,348,179,167,NA,NA,NA,NA,NA,NA,NA,NA,NA
"51","Dominican Republic",58,171,6,0,177,1,1,1,1,1,2,2,2,2,0.484931506849315,0.468493150684932,0.158904109589041,0.0164383561643836,51,84,11,84,230,20201215,3,2,2,3,1,2,0,1,1,0,0,0,2,2,1,0,0,3,0,3,155797,2367,62.96,56.77,25,NA,NA,60,69,14,13,2,1,1,NA,4,27,NA,NA,NA,NA,NA,NA,NA,NA,NA
"52","Algeria",96,67,62,10,139,NA,NA,NA,NA,NA,NA,NA,NA,NA,0.380821917808219,0.183561643835616,0.263013698630137,0.16986301369863,94,7,101,7,209,20201215,1,2,1,4,2,2,2,4,0,2,0,0,2,1,2,0,0,3,0,2,93065,2623,72.22,63.02,50,NA,NA,NA,NA,NA,NA,NA,NA,NA,NA,NA,NA,NA,NA,NA,NA,NA,NA,NA,NA,NA
"53","Ecuador",52,169,2,12,183,1,2,1,2,2,1,2,2,3,0.501369863013699,0.463013698630137,0.142465753424658,0.00547945205479452,24,114,13,114,265,20201215,3,2,2,4,0,0,0,2,1,2,0,0,2,2,1,0,0,3,0,2,202356,13896,55.56,56.77,75,NA,NA,65,73,NA,NA,NA,NA,NA,NA,NA,NA,NA,NA,NA,NA,NA,NA,NA,NA,NA
"54","Egypt",84,71,3,77,151,1,NA,1,NA,1,NA,NA,1,NA,0.413698630136986,0.194520547945205,0.23013698630137,0.00821917808219178,29,19,88,19,155,20201215,2,2,2,2,0,1,2,1,1,2,0,0,2,2,2,0,0,3,0,0,122609,6966,60.19,58.33,75,NA,NA,42,39,NA,NA,NA,NA,NA,NA,NA,NA,6,5.2,3,5.4,NA,NA,NA,NA,NA
"55","Eritrea",14,68,112,41,221,NA,NA,NA,NA,NA,NA,NA,NA,NA,0.605479452054794,0.186301369863014,0.0383561643835616,0.306849315068493,157,191,96,191,635,20201215,1,2,2,3,2,2,2,4,0,1,0,0,2,3,1,0,0,2,0,2,711,0,82.41,66.15,25,NA,NA,NA,NA,NA,NA,NA,NA,NA,NA,NA,NA,NA,NA,NA,NA,NA,NA,NA,NA,NA
"56","Spain",54,50,106,25,181,NA,NA,NA,NA,NA,NA,NA,NA,NA,0.495890410958904,0.136986301369863,0.147945205479452,0.29041095890411,154,103,130,103,490,20201215,1,2,2,4,0,2,2,3,2,2,0,0,2,2,1,0,0,4,0,1,1762212,48401,71.3,66.67,87.5,32,32,18,17,46,46,NA,43,49,NA,NA,92,NA,NA,NA,NA,NA,NA,NA,NA,NA
"57","Estonia",64,39,112,20,171,NA,NA,NA,NA,NA,NA,NA,NA,NA,0.468493150684932,0.106849315068493,0.175342465753425,0.306849315068493,157,64,153,64,438,20201215,3,2,2,4,0,0,0,3,0,2,0,0,2,2,1,0,0,2,0,0,18682,157,55.56,47.92,50,45,19,47,44,59,60,73,71,75,357,219,119,NA,NA,NA,NA,NA,NA,NA,NA,NA
"58","Ethiopia",5,151,31,48,230,1,1,1,2,NA,3,2,1,2,0.63013698630137,0.413698630136986,0.0136986301369863,0.0849315068493151,68,197,18,197,480,20201215,1,1,1,3,1,0,2,2,0,0,0,0,2,1,2,0,0,3,0,3,117542,1813,51.85,48.44,0,NA,NA,NA,NA,NA,NA,NA,NA,NA,NA,NA,NA,NA,NA,NA,NA,NA,NA,NA,NA,NA
"59","Finland",73,42,120,0,162,NA,NA,NA,NA,NA,NA,NA,NA,NA,0.443835616438356,0.115068493150685,0.2,0.328767123287671,167,43,143,43,396,20201215,2,2,2,4,0,1,0,3,2,1,0,0,2,2,1,0,0,1,0,2,31459,466,52.31,51.82,75,52,12,15,15,78,78,71,63,73,375,207,156,27,2.6,35,3.1,22,2.3,29,2.6,113
"60","Fiji",31,61,139,4,204,1,1,1,1,1,2,2,1,2,0.558904109589041,0.167123287671233,0.0849315068493151,0.380821917808219,177,170,114,170,631,20201215,1,2,1,2,0,2,0,3,1,2,0,0,2,3,2,0,0,2,0,2,46,2,49.07,56.77,75,NA,NA,NA,NA,NA,NA,NA,NA,NA,NA,NA,NA,NA,NA,NA,NA,NA,NA,NA,NA,NA
"61","France",64,30,128,13,171,NA,NA,NA,NA,NA,NA,NA,NA,NA,0.468493150684932,0.0821917808219178,0.175342465753425,0.350684931506849,170,64,163,64,461,20201215,2,2,2,4,0,2,0,3,2,0,0,0,2,3,1,0,0,4,0,2,2390419,58712,63.89,61.2,50,36,28,5,5,85,85,55,53,54,360,162,170,18,2.5,19,2.7,12,3,11,3,60
"62","Micronesia (Federated States of)",57,55,59,64,178,1,NA,NA,NA,NA,NA,1,1,1,0.487671232876712,0.150684931506849,0.156164383561644,0.161643835616438,91,90,120,90,391,NA,NA,NA,NA,NA,NA,NA,NA,NA,NA,NA,NA,NA,NA,NA,NA,NA,NA,NA,NA,NA,NA,NA,NA,NA,NA,NA,NA,NA,NA,NA,NA,NA,NA,NA,NA,NA,NA,NA,NA,NA,NA,NA,NA,NA,NA,NA
"63","Gabon",76,80,52,27,159,3,3,2,3,2,2,3,2,3,0.435616438356164,0.219178082191781,0.208219178082192,0.142465753424658,85,36,70,36,227,20201215,1,2,1,3,0,2,2,3,2,2,0,0,2,3,2,0,0,3,0,2,9351,63,60.19,66.15,87.5,NA,NA,NA,NA,7,7,NA,NA,NA,NA,NA,14,NA,NA,NA,NA,NA,NA,NA,NA,NA
"64","United Kingdom",54,62,79,40,181,NA,NA,NA,NA,NA,NA,NA,NA,NA,0.495890410958904,0.16986301369863,0.147945205479452,0.216438356164384,115,103,112,103,433,20201215,3,2,2,4,1,1,2,2,2,2,0,0,2,2,1,0,0,3,3,3,1888116,64908,73.15,74.58,100,41,23,2,2,90,90,63,61,65,392,189,180,28,5.3,27,4.8,28,3,24,2.7,107
"65","Georgia",87,76,0,72,148,2,1,1,2,2,3,3,2,2,0.405479452054795,0.208219178082192,0.238356164383562,0,1,13,80,13,107,20201215,3,2,2,4,2,3,2,3,1,1,0,0,2,2,2,0,0,3,0,1,194900,1883,84.26,69.27,37.5,NA,NA,NA,NA,52,52,8,13,6,NA,27,104,12,4.3,7,3.9,11,3.7,8,3.9,38
"66","Ghana",67,50,3,115,168,2,3,1,2,2,3,2,3,3,0.46027397260274,0.136986301369863,0.183561643835616,0.00821917808219178,29,55,130,55,269,20201215,2,1,1,3,0,0,0,1,0,0,0,0,2,3,2,0,0,4,0,0,53270,327,38.89,40.62,0,NA,NA,NA,NA,NA,NA,NA,NA,NA,NA,NA,NA,NA,NA,NA,NA,NA,NA,NA,NA,NA
"67","Guinea",36,109,90,0,199,1,1,1,1,1,3,2,1,2,0.545205479452055,0.298630136986301,0.0986301369863014,0.246575342465753,129,156,40,156,481,20201215,1,1,1,0,0,2,2,1,0,0,0,0,2,2,2,0,0,3,0,0,13457,80,40.74,38.02,0,NA,NA,NA,NA,NA,NA,NA,NA,NA,NA,NA,NA,NA,NA,NA,NA,NA,NA,NA,NA,NA
"68","Gambia",36,101,60,38,199,1,1,1,1,1,2,1,1,2,0.545205479452055,0.276712328767123,0.0986301369863014,0.164383561643836,92,156,47,156,451,20201215,1,0,2,4,1,0,0,1,0,0,0,0,2,2,2,0,0,3,0,0,3785,123,45.37,40.62,0,NA,NA,NA,NA,NA,NA,NA,NA,NA,NA,NA,NA,NA,NA,NA,NA,NA,NA,NA,NA,NA
"69","Guinea-Bissau",55,89,91,0,180,2,2,2,1,3,1,2,2,1,0.493150684931507,0.243835616438356,0.150684931506849,0.249315068493151,132,97,62,97,388,NA,NA,NA,NA,NA,NA,NA,NA,NA,NA,NA,NA,NA,NA,NA,NA,NA,NA,NA,NA,NA,NA,NA,NA,NA,NA,NA,NA,NA,NA,NA,NA,NA,NA,NA,NA,NA,NA,NA,NA,NA,NA,NA,NA,NA,NA,NA
"70","Equatorial Guinea",59,65,99,12,176,1,1,1,2,1,2,2,1,2,0.482191780821918,0.178082191780822,0.161643835616438,0.271232876712329,142,80,106,80,408,NA,NA,NA,NA,NA,NA,NA,NA,NA,NA,NA,NA,NA,NA,NA,NA,NA,NA,NA,NA,NA,NA,NA,NA,NA,NA,NA,NA,NA,NA,NA,NA,NA,NA,NA,NA,NA,NA,NA,NA,NA,NA,NA,NA,NA,NA,NA
"71","Greece",77,61,44,53,158,1,1,1,2,1,1,3,1,2,0.432876712328767,0.167123287671233,0.210958904109589,0.120547945205479,82,32,114,32,260,20201215,3,2,2,4,1,2,2,3,2,2,0,0,2,2,2,0,0,4,0,3,126372,3785,84.26,81.25,87.5,27,37,26,28,63,64,36,34,35,269,105,127,NA,NA,NA,NA,NA,NA,NA,NA,NA
"72","Grenada",41,60,69,65,194,1,2,1,2,2,2,2,2,2,0.531506849315069,0.164383561643836,0.112328767123288,0.189041095890411,101,145,117,145,508,NA,NA,NA,NA,NA,NA,NA,NA,NA,NA,NA,NA,NA,NA,NA,NA,NA,NA,NA,NA,NA,NA,NA,NA,NA,NA,NA,NA,NA,NA,12,12,NA,NA,NA,NA,NA,24,NA,NA,NA,NA,NA,NA,NA,NA,NA
"73","Guatemala",45,165,3,22,190,2,3,2,2,2,3,2,2,3,0.520547945205479,0.452054794520548,0.123287671232877,0.00821917808219178,29,134,15,134,312,20201215,3,1,1,4,1,0,0,1,1,2,0,0,2,2,1,0,0,3,0,0,130082,4476,49.54,47.66,62.5,NA,NA,73,78,NA,NA,NA,NA,NA,NA,NA,NA,NA,NA,NA,NA,NA,NA,NA,NA,NA
"74","Guyana",47,134,3,51,188,1,1,1,1,1,2,1,1,1,0.515068493150685,0.367123287671233,0.128767123287671,0.00821917808219178,29,129,29,129,316,20201215,2,1,2,4,1,2,2,1,0,1,0,0,2,2,2,0,0,3,0,1,5973,156,68.52,58.85,25,NA,NA,NA,NA,NA,NA,NA,NA,NA,NA,NA,NA,NA,NA,NA,NA,NA,NA,NA,NA,NA
"75","Honduras",44,147,1,43,191,1,1,1,2,1,2,1,2,1,0.523287671232877,0.402739726027397,0.120547945205479,0.00273972602739726,20,138,21,138,317,20201215,3,2,2,4,1,2,2,2,1,2,0,0,2,1,1,0,0,3,0,2,114943,3001,81.48,69.27,75,NA,NA,NA,NA,NA,NA,NA,NA,NA,NA,NA,NA,NA,NA,NA,NA,NA,NA,NA,NA,NA
"76","Croatia",55,40,130,10,180,3,1,1,3,NA,2,3,2,NA,0.493150684931507,0.10958904109589,0.150684931506849,0.356164383561644,172,97,150,97,516,20201215,2,2,1,4,1,0,0,3,1,1,0,0,2,3,2,0,0,3,0,3,179718,2778,56.48,59.9,37.5,11,53,33,43,56,56,47,39,43,294,129,112,NA,NA,NA,NA,NA,NA,NA,NA,NA
"77","Hungary",48,73,51,63,187,NA,NA,NA,NA,NA,NA,NA,NA,NA,0.512328767123288,0.2,0.131506849315068,0.13972602739726,84,124,85,124,417,20201215,2,2,2,4,1,2,0,4,1,1,0,0,2,2,1,0,0,2,0,3,285763,7237,72.22,61.98,37.5,14,50,30,30,67,67,44,43,47,318,134,134,30,2.9,33,2.6,19,2.6,21,2.7,103
"78","Indonesia",31,102,3,99,204,1,1,1,2,1,2,2,1,2,0.558904109589041,0.279452054794521,0.0849315068493151,0.00821917808219178,29,170,45,170,414,20201215,2,2,2,4,1,2,2,1,1,1,0,0,2,1,1,0,0,4,0,1,629429,19111,62.5,52.34,37.5,19,45,55,54,NA,NA,6,7,9,NA,22,NA,NA,NA,NA,NA,NA,NA,NA,NA,NA
"79","India",0,146,0,89,235,2,2,2,2,2,3,2,2,2,0.643835616438356,0.4,0,0,1,198,22,198,419,20201215,3,2,2,4,1,2,1,3,0,2,0,0,2,2,2,0,0,4,0,2,9932547,144096,68.98,64.06,50,2,62,34,32,57,58,NA,NA,NA,NA,NA,115,NA,NA,NA,NA,NA,NA,NA,NA,NA
"80","Ireland",64,90,81,0,171,NA,NA,NA,NA,NA,NA,NA,NA,NA,0.468493150684932,0.246575342465753,0.175342465753425,0.221917808219178,118,64,60,64,306,20201215,2,2,2,4,1,2,1,2,2,1,0,0,2,2,2,0,0,2,0,3,76776,2134,72.22,69.79,75,46,18,20,20,68,68,70,58,57,339,185,136,34,2.6,31,2.9,27,2.5,20,3.2,112
"81","Iran (Islamic Republic of)",59,69,0,107,176,NA,NA,1,1,NA,1,NA,NA,NA,0.482191780821918,0.189041095890411,0.161643835616438,0,1,80,94,80,255,NA,NA,NA,NA,NA,NA,NA,NA,NA,NA,NA,NA,NA,NA,NA,NA,NA,NA,NA,NA,NA,NA,NA,NA,NA,NA,NA,NA,NA,NA,NA,NA,NA,NA,NA,NA,NA,NA,NA,NA,NA,NA,NA,NA,NA,NA,NA
"82","Iraq",34,173,0,28,201,1,NA,NA,2,2,2,2,2,NA,0.550684931506849,0.473972602739726,0.0931506849315069,0,1,162,10,162,335,20201215,1,2,1,1,1,1,1,1,1,1,0,0,2,1,1,0,0,4,NA,1,577363,12614,48.15,46.88,50,NA,NA,NA,77,NA,NA,NA,NA,NA,NA,NA,NA,NA,NA,NA,NA,NA,NA,NA,NA,NA
"83","Iceland",54,0,150,31,181,NA,NA,NA,NA,NA,NA,NA,NA,NA,0.495890410958904,0,0.147945205479452,0.410958904109589,184,103,189,103,579,20201215,1,2,2,4,0,0,0,3,2,2,0,0,2,3,2,0,0,2,0,2,5571,28,52.78,60.42,87.5,60,4,NA,NA,66,66,42,53,44,275,139,132,NA,NA,NA,NA,NA,NA,NA,NA,NA
"84","Israel",63,65,33,74,172,NA,NA,NA,NA,NA,NA,NA,NA,NA,0.471232876712329,0.178082191780822,0.172602739726027,0.0904109589041096,70,69,106,69,314,20201215,2,2,2,3,1,2,2,3,2,1,0,0,2,3,2,0,0,3,0,3,360630,3014,71.3,72.92,75,42,22,25,24,79,79,40,38,37,295,115,158,32,4.3,25,4.2,NA,NA,NA,NA,NA
"85","Italy",77,66,35,57,158,NA,NA,NA,NA,NA,NA,NA,NA,NA,0.432876712328767,0.180821917808219,0.210958904109589,0.0958904109589041,71,32,104,32,239,20201215,2,3,2,4,1,2,2,3,1,2,0,0,2,2,2,0,0,4,0,2,1870576,65857,80.56,74.74,75,28,36,16,14,48,48,44,48,39,263,131,96,21,2.7,22,2.6,16,2.4,17,3,76
"86","Jamaica",86,71,2,76,149,3,2,2,2,3,2,2,3,2,0.408219178082192,0.194520547945205,0.235616438356164,0.00547945205479452,24,14,88,14,140,20201215,2,1,2,3,1,2,2,2,1,1,0,0,2,2,2,0,0,3,0,3,11875,276,71.3,67.71,50,NA,NA,NA,NA,NA,NA,NA,NA,NA,NA,NA,NA,NA,NA,NA,NA,NA,NA,NA,NA,NA
"87","Jordan",56,148,3,28,179,3,3,3,2,2,2,2,2,3,0.49041095890411,0.405479452054795,0.153424657534247,0.00821917808219178,29,92,20,92,233,20201215,3,2,2,3,1,2,2,3,1,1,0,0,2,2,1,0,0,3,0,2,265024,3437,81.48,66.67,37.5,15,49,53,58,4,4,23,14,28,122,65,8,7,4.3,9,4.7,NA,NA,NA,NA,NA
"88","Japan",30,11,154,40,205,NA,NA,NA,NA,NA,NA,NA,NA,NA,0.561643835616438,0.0301369863013699,0.0821917808219178,0.421917808219178,186,174,185,174,719,20201215,1,1,2,0,1,1,1,3,2,1,0,0,2,2,1,0,0,1,0,3,184752,2581,48.15,51.56,75,26,38,11,7,80,80,63,73,74,408,210,160,37,2.7,38,2.1,30,1.8,31,1.8,136
"89","Kazakhstan",89,46,3,97,146,1,1,1,2,1,2,2,1,2,0.4,0.126027397260274,0.243835616438356,0.00821917808219178,29,11,136,11,187,20201215,3,2,2,4,1,2,2,3,0,1,0,0,2,1,1,0,0,3,0,3,187890,2609,71.76,58.59,25,20,44,70,71,28,29,9,25,10,145,44,57,19,3.3,16,3.1,15,2.5,13,3.1,63
"90","Kenya",23,140,25,47,212,1,2,2,NA,1,2,2,NA,2,0.580821917808219,0.383561643835616,0.063013698630137,0.0684931506849315,65,181,26,181,453,20201215,2,1,2,3,1,2,0,1,0,1,0,0,2,2,2,0,0,3,0,2,92459,1604,57.41,54.69,25,NA,NA,68,68,NA,NA,NA,NA,NA,NA,NA,NA,NA,NA,NA,NA,NA,NA,NA,NA,NA
"91","Kyrgyzstan",81,74,3,77,154,1,3,1,3,2,3,2,NA,2,0.421917808219178,0.202739726027397,0.221917808219178,0.00821917808219178,29,27,84,27,167,NA,NA,NA,NA,NA,NA,NA,NA,NA,NA,NA,NA,NA,NA,NA,NA,NA,NA,NA,NA,NA,NA,NA,NA,NA,NA,NA,NA,NA,NA,36,36,NA,NA,NA,NA,NA,72,NA,NA,NA,NA,NA,NA,NA,NA,NA
"92","Cambodia",78,77,22,58,157,NA,NA,NA,NA,NA,NA,NA,NA,NA,0.43013698630137,0.210958904109589,0.213698630136986,0.0602739726027397,64,30,74,30,198,20201215,3,2,2,3,0,2,0,2,2,0,0,0,2,1,1,0,0,2,0,2,362,0,62.04,51.3,37.5,NA,NA,NA,75,NA,NA,NA,NA,NA,NA,NA,NA,NA,NA,NA,NA,NA,NA,NA,NA,NA
"93","Kiribati",37,15,183,0,198,NA,NA,NA,NA,NA,NA,NA,NA,NA,0.542465753424658,0.0410958904109589,0.101369863013699,0.501369863013699,195,154,179,154,682,20201215,0,0,0,0,0,0,0,4,0,0,0,0,2,1,0,0,0,0,0,0,0,0,22.22,14.58,0,NA,NA,NA,NA,NA,NA,NA,NA,NA,NA,NA,NA,NA,NA,NA,NA,NA,NA,NA,NA,NA
"94","Saint Kitts and Nevis",82,55,98,0,153,1,2,1,2,2,2,2,2,2,0.419178082191781,0.150684931506849,0.224657534246575,0.268493150684932,141,23,120,23,307,NA,NA,NA,NA,NA,NA,NA,NA,NA,NA,NA,NA,NA,NA,NA,NA,NA,NA,NA,NA,NA,NA,NA,NA,NA,NA,NA,NA,NA,NA,NA,NA,NA,NA,NA,NA,NA,NA,NA,NA,NA,NA,NA,NA,NA,NA,NA
"95","Republic of Korea",12,50,57,116,223,NA,NA,NA,NA,NA,NA,NA,NA,NA,0.610958904109589,0.136986301369863,0.0328767123287671,0.156164383561644,89,192,130,192,603,NA,NA,NA,NA,NA,NA,NA,NA,NA,NA,NA,NA,NA,NA,NA,NA,NA,NA,NA,NA,NA,NA,NA,NA,NA,NA,NA,NA,NA,NA,NA,NA,NA,NA,NA,NA,NA,NA,NA,NA,NA,NA,NA,NA,NA,NA,NA
"96","Kuwait",54,181,0,0,181,1,1,1,3,2,3,2,2,3,0.495890410958904,0.495890410958904,0.147945205479452,0,1,103,7,103,214,20201215,3,1,2,4,1,1,1,3,1,1,0,0,2,3,1,0,0,3,0,1,146710,913,71.3,60.94,37.5,NA,NA,NA,NA,47,47,NA,NA,NA,NA,NA,94,4,5,6,5.7,2,4.7,3,6.1,15
"97","Lao People's Democratic Republic",54,42,84,55,181,NA,1,NA,2,2,NA,2,NA,2,0.495890410958904,0.115068493150685,0.147945205479452,0.23013698630137,121,103,143,103,470,NA,NA,NA,NA,NA,NA,NA,NA,NA,NA,NA,NA,NA,NA,NA,NA,NA,NA,NA,NA,NA,NA,NA,NA,NA,NA,NA,NA,NA,NA,NA,NA,NA,NA,NA,NA,NA,NA,NA,NA,NA,NA,NA,NA,NA,NA,NA
"98","Lebanon",85,106,0,44,150,1,1,2,2,1,NA,2,1,2,0.410958904109589,0.29041095890411,0.232876712328767,0,1,16,44,16,77,20201215,3,2,2,4,2,2,2,2,0,2,0,0,2,2,1,0,0,3,0,2,148877,1223,87.04,71.35,50,NA,NA,69,70,10,10,3,11,7,NA,21,20,8,2.9,2,4.6,NA,NA,NA,NA,NA
"99","Liberia",8,75,41,111,227,NA,NA,NA,NA,NA,NA,NA,NA,NA,0.621917808219178,0.205479452054795,0.0219178082191781,0.112328767123288,76,195,81,195,547,20201215,0,2,1,3,1,1,1,1,0,0,0,0,2,1,1,0,0,3,0,0,1771,83,50,38.02,0,NA,NA,NA,NA,NA,NA,NA,NA,NA,NA,NA,NA,NA,NA,NA,NA,NA,NA,NA,NA,NA
"100","Libya",51,77,25,82,184,1,1,1,2,1,2,2,2,2,0.504109589041096,0.210958904109589,0.13972602739726,0.0684931506849315,65,117,74,117,373,20201215,3,2,2,4,2,1,2,3,0,0,0,0,2,1,0,0,0,3,0,1,92017,1319,86.11,57.29,0,NA,NA,NA,NA,3,3,NA,NA,NA,NA,NA,6,NA,NA,NA,NA,NA,NA,NA,NA,NA
"101","Saint Lucia",63,100,20,52,172,1,2,1,2,2,2,2,2,2,0.471232876712329,0.273972602739726,0.172602739726027,0.0547945205479452,63,69,49,69,250,NA,NA,NA,NA,NA,NA,NA,NA,NA,NA,NA,NA,NA,NA,NA,NA,NA,NA,NA,NA,NA,NA,NA,NA,NA,NA,NA,NA,NA,NA,NA,NA,NA,NA,NA,NA,NA,NA,NA,NA,NA,NA,NA,NA,NA,NA,NA
"102","Liechtenstein",58,28,112,37,177,NA,NA,NA,NA,NA,NA,NA,NA,NA,0.484931506849315,0.0767123287671233,0.158904109589041,0.306849315068493,157,84,168,84,493,20201215,1,2,2,4,0,1,0,3,0,0,NA,NA,2,2,2,NA,0,2,0,1,1638,22,56.48,47.4,0,NA,NA,NA,NA,63,63,NA,NA,NA,NA,NA,126,NA,NA,NA,NA,NA,NA,NA,NA,NA
"103","Sri Lanka",15,141,42,37,220,1,1,1,2,2,1,2,2,2,0.602739726027397,0.386301369863014,0.0410958904109589,0.115068493150685,79,190,23,190,482,20201215,2,3,2,4,2,3,2,2,0,2,0,0,2,2,2,0,0,4,0,3,34121,154,75.46,70.57,50,NA,NA,67,66,15,15,NA,NA,NA,NA,NA,30,NA,NA,NA,NA,NA,NA,NA,NA,NA
"104","Lesotho",6,42,66,121,229,1,2,2,2,NA,2,2,2,2,0.627397260273973,0.115068493150685,0.0164383561643836,0.180821917808219,98,196,143,196,633,20201215,1,1,1,2,0,1,0,1,0,0,0,0,2,1,1,0,0,4,0,1,2307,44,36.11,33.85,0,NA,NA,NA,NA,NA,NA,NA,NA,NA,NA,NA,NA,NA,NA,NA,NA,NA,NA,NA,NA,NA
"105","Lithuania",64,72,64,35,171,NA,NA,NA,NA,NA,NA,NA,NA,NA,0.468493150684932,0.197260273972603,0.175342465753425,0.175342465753425,96,64,87,64,311,20201215,2,2,2,4,0,1,1,2,1,2,0,0,1,2,1,0,0,3,0,3,96694,1112,57.41,58.33,62.5,37,27,45,42,53,54,44,43,48,269,135,107,33,2.9,34,3,25,2.8,26,2.5,118
"106","Luxembourg",55,45,118,17,180,NA,NA,NA,NA,NA,NA,NA,NA,NA,0.493150684931507,0.123287671232877,0.150684931506849,0.323287671232877,165,97,137,97,496,20201215,1,2,2,4,0,2,0,3,1,2,0,0,2,3,2,0,0,3,0,2,42250,418,60.19,63.02,62.5,61,3,NA,NA,70,70,40,46,45,274,131,140,NA,NA,NA,NA,NA,NA,NA,NA,NA
"107","Latvia",76,43,103,13,159,NA,NA,NA,NA,NA,NA,NA,NA,NA,0.435616438356164,0.117808219178082,0.208219178082192,0.282191780821918,148,36,141,36,361,20201215,2,2,2,4,0,0,0,2,2,2,0,0,2,2,1,2431368,0,3,0,2,26472,357,53.7,58.85,100,31,33,50,50,59,59,47,55,50,303,152,118,NA,NA,NA,NA,NA,NA,NA,NA,NA
"108","Morocco",43,87,85,20,192,1,1,1,1,1,2,2,1,1,0.526027397260274,0.238356164383562,0.117808219178082,0.232876712328767,124,142,64,142,472,20201215,1,2,2,3,1,2,2,3,1,0,0,0,2,2,1,0,0,3,0,2,403619,6711,66.2,55.47,25,NA,NA,57,57,NA,NA,5,5,5,NA,15,NA,1,2.3,4,2.7,2,4.3,2,5.8,9
"109","Monaco",69,31,125,10,166,NA,NA,NA,NA,NA,NA,NA,NA,NA,0.454794520547945,0.0849315068493151,0.189041095890411,0.342465753424658,169,48,162,48,427,20201215,1,2,1,4,0,2,0,2,2,NA,NA,0,2,2,NA,0,0,4,0,2,678,3,51.85,NA,NA,NA,NA,NA,NA,NA,NA,NA,NA,NA,NA,NA,NA,NA,NA,NA,NA,NA,NA,NA,NA,NA
"110","Republic of Moldova",55,80,100,0,180,2,2,2,3,2,3,3,2,2,0.493150684931507,0.219178082191781,0.150684931506849,0.273972602739726,143,97,70,97,407,NA,NA,NA,NA,NA,NA,NA,NA,NA,NA,NA,NA,NA,NA,NA,NA,NA,NA,NA,NA,NA,NA,NA,NA,NA,NA,NA,NA,NA,NA,NA,NA,NA,NA,NA,NA,NA,NA,NA,NA,NA,NA,NA,NA,NA,NA,NA
"111","Madagascar",86,12,70,67,149,1,NA,1,1,2,2,1,1,NA,0.408219178082192,0.0328767123287671,0.235616438356164,0.191780821917808,102,14,182,14,312,20201215,1,0,0,2,0,0,2,3,1,1,0,0,2,1,1,0,0,4,0,0,17587,259,37.04,38.54,50,NA,NA,NA,NA,NA,NA,NA,NA,NA,NA,NA,NA,NA,NA,NA,NA,NA,NA,NA,NA,NA
"112","Maldives",35,70,118,12,200,1,2,3,1,3,2,2,2,NA,0.547945205479452,0.191780821917808,0.0958904109589041,0.323287671232877,165,159,91,159,574,NA,NA,NA,NA,NA,NA,NA,NA,NA,NA,NA,NA,NA,NA,NA,NA,NA,NA,NA,NA,NA,NA,NA,NA,NA,NA,NA,NA,NA,NA,5,5,NA,NA,NA,NA,NA,10,NA,NA,NA,NA,NA,NA,NA,NA,NA
"113","Mexico",47,180,8,0,188,1,1,1,1,NA,2,2,NA,2,0.515068493150685,0.493150684931507,0.128767123287671,0.0219178082191781,56,129,8,129,322,20201215,3,3,2,3,1,2,2,1,1,2,0,0,2,1,1,0,0,4,0,1,1267202,115099,71.76,62.5,75,8,56,36,37,35,35,24,18,21,189,63,70,NA,NA,NA,NA,NA,NA,NA,NA,NA
"114","Marshall Islands",77,5,148,5,158,NA,NA,NA,NA,NA,NA,NA,NA,NA,0.432876712328767,0.0136986301369863,0.210958904109589,0.405479452054795,180,32,188,32,432,NA,NA,NA,NA,NA,NA,NA,NA,NA,NA,NA,NA,NA,NA,NA,NA,NA,NA,NA,NA,NA,NA,NA,NA,NA,NA,NA,NA,NA,NA,NA,NA,NA,NA,NA,NA,NA,NA,NA,NA,NA,NA,NA,NA,NA,NA,NA
"115","North Macedonia",56,102,0,77,179,1,1,1,2,2,2,2,2,2,0.49041095890411,0.279452054794521,0.153424657534247,0,1,92,45,92,230,NA,NA,NA,NA,NA,NA,NA,NA,NA,NA,NA,NA,NA,NA,NA,NA,NA,NA,NA,NA,NA,NA,NA,NA,NA,NA,NA,NA,NA,NA,NA,NA,NA,NA,NA,NA,NA,NA,NA,NA,NA,NA,NA,NA,NA,NA,NA
"116","Mali",74,62,78,21,161,1,2,1,1,2,1,1,1,1,0.441095890410959,0.16986301369863,0.202739726027397,0.213698630136986,112,40,112,40,304,20201215,1,1,1,3,0,0,0,1,0,0,0,0,2,3,2,0,0,3,0,0,5878,205,35.19,36.98,0,NA,NA,NA,NA,NA,NA,NA,NA,NA,NA,NA,NA,NA,NA,NA,NA,NA,NA,NA,NA,NA
"117","Malta",85,68,70,12,150,NA,NA,NA,NA,NA,NA,NA,NA,NA,0.410958904109589,0.186301369863014,0.232876712328767,0.191780821917808,102,16,96,16,230,20201215,1,2,2,4,0,0,0,3,2,1,NA,NA,2,3,2,NA,NA,4,0,2,11303,177,52.78,60.42,62.5,NA,NA,NA,NA,31,30,34,40,36,NA,110,61,NA,NA,NA,NA,NA,NA,NA,NA,NA
"118","Myanmar",28,177,3,27,207,NA,NA,NA,NA,NA,NA,1,NA,NA,0.567123287671233,0.484931506849315,0.0767123287671233,0.00821917808219178,29,178,9,178,394,20201215,3,3,2,3,1,2,2,4,1,2,0,0,2,3,2,0,0,4,0,0,110667,2319,75.93,70.83,75,NA,NA,71,76,2,2,NA,NA,NA,NA,NA,4,NA,NA,NA,NA,NA,NA,NA,NA,NA
"119","Montenegro",92,63,80,0,143,1,2,2,2,1,2,2,1,2,0.391780821917808,0.172602739726027,0.252054794520548,0.219178082191781,117,8,110,8,243,NA,NA,NA,NA,NA,NA,NA,NA,NA,NA,NA,NA,NA,NA,NA,NA,NA,NA,NA,NA,NA,NA,NA,NA,NA,NA,NA,NA,NA,NA,19,19,26,26,18,NA,70,38,NA,NA,NA,NA,NA,NA,NA,NA,NA
"120","Mongolia",82,73,38,42,153,1,2,1,1,NA,3,2,2,1,0.419178082191781,0.2,0.224657534246575,0.104109589041096,73,23,85,23,204,20201215,3,3,2,4,1,2,2,4,1,2,0,0,2,2,2,0,0,3,0,2,918,0,75.46,70.05,75,1,63,NA,NA,NA,NA,NA,NA,NA,NA,NA,NA,NA,NA,NA,NA,NA,NA,NA,NA,NA
"121","Mozambique",18,126,8,83,217,1,2,2,2,2,2,2,2,2,0.594520547945205,0.345205479452055,0.0493150684931507,0.0219178082191781,56,189,33,189,467,20201215,2,2,2,3,1,0,0,1,0,0,0,0,2,1,2,0,0,3,0,0,17042,144,53.7,43.23,0,NA,NA,NA,NA,NA,NA,NA,NA,NA,NA,NA,NA,NA,NA,NA,NA,NA,NA,NA,NA,NA
"122","Mauritania",40,92,103,0,195,1,1,1,1,NA,2,2,NA,2,0.534246575342466,0.252054794520548,0.10958904109589,0.282191780821918,148,146,58,146,498,20201215,3,2,2,2,0,2,0,2,0,2,0,0,2,1,2,0,0,3,0,0,11431,236,59.26,52.6,50,NA,NA,NA,NA,NA,NA,NA,NA,NA,NA,NA,NA,NA,NA,NA,NA,NA,NA,NA,NA,NA
"123","Montserrat",25,61,135,14,210,1,2,1,2,2,2,2,2,2,0.575342465753425,0.167123287671233,0.0684931506849315,0.36986301369863,175,179,114,179,647,NA,NA,NA,NA,NA,NA,NA,NA,NA,NA,NA,NA,NA,NA,NA,NA,NA,NA,NA,NA,NA,NA,NA,NA,NA,NA,NA,NA,NA,NA,NA,NA,NA,NA,NA,NA,NA,NA,NA,NA,NA,NA,NA,NA,NA,NA,NA
"124","Mauritius",55,33,140,7,180,NA,NA,NA,NA,NA,NA,NA,NA,NA,0.493150684931507,0.0904109589041096,0.150684931506849,0.383561643835616,179,97,160,97,533,20201215,0,0,0,0,0,0,0,2,2,0,0,0,2,2,2,0,0,1,0,1,524,10,16.67,29.69,50,NA,NA,NA,NA,17,17,NA,NA,NA,NA,NA,34,NA,NA,NA,NA,NA,NA,NA,NA,NA
"125","Malawi",48,69,79,39,187,1,2,2,2,1,3,2,1,3,0.512328767123288,0.189041095890411,0.131506849315068,0.216438356164384,115,124,94,124,457,20201215,2,2,2,3,0,0,0,2,1,0,0,0,2,2,2,0,0,3,0,0,6080,187,50.93,45.31,12.5,NA,NA,NA,NA,NA,NA,NA,NA,NA,NA,NA,NA,NA,NA,NA,NA,NA,NA,NA,NA,NA
"126","Malaysia",23,99,75,38,212,NA,NA,NA,NA,NA,NA,NA,NA,NA,0.580821917808219,0.271232876712329,0.063013698630137,0.205479452054795,107,181,51,181,520,20201215,3,2,1,4,1,2,1,3,1,2,0,0,2,3,2,0,0,3,0,3,86618,422,67.13,70.57,75,39,25,39,38,28,28,22,32,31,166,85,56,12,3.2,11,3.5,NA,NA,NA,NA,NA
"127","Namibia",39,68,73,55,196,1,2,2,2,2,2,2,2,3,0.536986301369863,0.186301369863014,0.106849315068493,0.2,104,151,96,151,502,20201215,0,1,1,2,0,0,0,1,0,0,0,0,2,2,2,0,0,3,0,0,16913,164,28.7,31.25,0,NA,NA,NA,NA,NA,NA,NA,NA,NA,NA,NA,NA,NA,NA,NA,NA,NA,NA,NA,NA,NA
"128","Niger",65,83,87,0,170,1,1,1,1,1,2,2,1,2,0.465753424657534,0.227397260273973,0.178082191780822,0.238356164383562,128,62,67,62,319,20201215,0,1,1,2,0,0,0,2,0,0,0,0,2,3,0,0,0,3,0,0,2361,82,31.48,27.86,0,NA,NA,NA,NA,NA,NA,NA,NA,NA,NA,NA,NA,NA,NA,NA,NA,NA,NA,NA,NA,NA
"129","Nigeria",56,91,58,30,179,2,3,2,2,2,2,2,2,3,0.49041095890411,0.249315068493151,0.153424657534247,0.158904109589041,90,92,59,92,333,20201215,1,1,1,3,0,2,1,2,0,0,0,0,2,1,2,0,0,3,0,3,74132,1200,50.93,47.92,0,NA,NA,NA,NA,NA,NA,NA,NA,NA,NA,NA,NA,NA,NA,NA,NA,NA,NA,NA,NA,NA
"130","Nicaragua",52,0,108,75,183,1,NA,NA,NA,NA,NA,1,NA,NA,0.501369863013699,0,0.142465753424658,0.295890410958904,156,114,189,114,573,20201215,0,0,0,0,0,0,0,1,0,0,0,0,1,1,0,0,0,0,0,2,5887,162,8.33,10.94,0,NA,NA,NA,NA,NA,NA,NA,NA,NA,NA,NA,NA,NA,NA,NA,NA,NA,NA,NA,NA,NA
"131","Niue",45,6,184,0,190,NA,NA,NA,NA,NA,NA,NA,NA,NA,0.520547945205479,0.0164383561643836,0.123287671232877,0.504109589041096,196,134,187,134,651,NA,NA,NA,NA,NA,NA,NA,NA,NA,NA,NA,NA,NA,NA,NA,NA,NA,NA,NA,NA,NA,NA,NA,NA,NA,NA,NA,NA,NA,NA,NA,NA,NA,NA,NA,NA,NA,NA,NA,NA,NA,NA,NA,NA,NA,NA,NA
"132","Netherlands",49,56,112,18,186,NA,NA,NA,NA,NA,NA,NA,NA,NA,0.50958904109589,0.153424657534247,0.134246575342466,0.306849315068493,157,123,118,123,521,20201215,1,3,2,4,1,1,1,3,2,1,0,0,2,2,1,0,0,2,0,2,628577,10168,71.3,64.06,75,54,10,9,10,87,87,52,70,62,368,184,174,NA,NA,NA,NA,NA,NA,NA,NA,NA
"133","Norway",54,22,149,10,181,NA,NA,NA,NA,NA,NA,NA,NA,NA,0.495890410958904,0.0602739726027397,0.147945205479452,0.408219178082192,182,103,171,103,559,20201215,1,2,2,4,0,1,1,2,2,0,0,0,2,2,2,0,0,2,0,2,41852,395,56.02,53.12,37.5,57,7,12,13,73,73,59,60,51,323,170,146,25,2.4,20,3.1,26,2.2,27,2.2,98
"134","Nepal",32,131,6,66,203,1,2,1,1,NA,2,1,1,2,0.556164383561644,0.358904109589041,0.0876712328767123,0.0164383561643836,51,168,30,168,417,20201215,2,1,2,3,1,1,1,3,1,1,0,0,2,NA,1,0,0,4,0,0,250180,1730,60.19,49.48,50,NA,NA,NA,NA,NA,NA,NA,NA,NA,NA,NA,NA,NA,NA,NA,NA,NA,NA,NA,NA,NA
"135","Nauru",10,0,225,0,225,NA,NA,NA,NA,NA,NA,NA,NA,NA,0.616438356164384,0,0.0273972602739726,0.616438356164384,200,193,189,193,775,NA,NA,NA,NA,NA,NA,NA,NA,NA,NA,NA,NA,NA,NA,NA,NA,NA,NA,NA,NA,NA,NA,NA,NA,NA,NA,NA,NA,NA,NA,NA,NA,NA,NA,NA,NA,NA,NA,NA,NA,NA,NA,NA,NA,NA,NA,NA
"136","New Zealand",62,14,133,26,173,NA,NA,NA,NA,NA,NA,NA,NA,NA,0.473972602739726,0.0383561643835616,0.16986301369863,0.364383561643836,174,74,180,74,502,20201215,0,0,0,0,0,0,0,4,1,2,0,0,2,2,2,0,0,2,0,1,2100,25,22.22,37.5,75,43,21,14,11,69,69,66,52,67,344,185,138,17,3.4,21,3.5,13,2.6,15,2.3,66
"137","Oman",143,41,3,48,92,NA,NA,NA,NA,NA,NA,NA,NA,NA,0.252054794520548,0.112328767123288,0.391780821917808,0.00821917808219178,29,2,148,2,181,20201215,1,0,2,4,0,0,0,2,2,1,0,0,2,3,1,0,0,4,0,0,126719,1475,42.59,48.96,75,NA,NA,62,62,27,27,NA,NA,NA,NA,NA,54,5,2.8,10,2.9,5,3.7,5,4.1,25
"138","Pakistan",56,112,42,25,179,1,1,1,1,1,2,2,1,2,0.49041095890411,0.306849315068493,0.153424657534247,0.115068493150685,79,92,37,92,300,20201215,3,3,2,4,0,3,0,2,1,2,0,0,2,2,2,0,0,4,0,3,445977,9010,64.35,67.45,75,NA,NA,NA,NA,9,9,NA,NA,NA,NA,NA,18,NA,NA,NA,NA,NA,NA,NA,NA,NA
"139","Panama",23,211,1,0,212,NA,NA,NA,NA,NA,NA,NA,NA,NA,0.580821917808219,0.578082191780822,0.063013698630137,0.00273972602739726,20,181,1,181,383,20201215,3,2,2,4,0,2,0,1,1,2,0,0,2,3,2,0,0,4,0,2,196987,3411,62.04,67.19,75,NA,NA,56,60,NA,NA,7,3,3,NA,13,NA,NA,NA,NA,NA,NA,NA,NA,NA,NA
"140","Peru",34,77,3,121,201,NA,NA,NA,NA,NA,NA,NA,NA,NA,0.550684931506849,0.210958904109589,0.0931506849315069,0.00821917808219178,29,162,74,162,427,20201215,2,2,2,3,2,2,2,2,1,1,0,0,2,3,2,0,0,3,0,2,986130,91022,78.7,71.87,50,13,51,59,63,NA,NA,14,14,13,NA,41,NA,NA,NA,NA,NA,NA,NA,NA,NA,NA
"141","Philippines",91,141,0,3,144,1,1,1,NA,1,NA,1,NA,NA,0.394520547945205,0.386301369863014,0.249315068493151,0,1,9,23,9,42,20201215,3,2,2,3,1,2,1,2,1,2,0,0,2,2,2,0,0,3,0,2,451839,8812,64.81,64.06,75,NA,NA,NA,NA,NA,NA,NA,NA,NA,NA,NA,NA,NA,NA,NA,NA,NA,NA,NA,NA,NA
"142","Palau",56,40,139,0,179,NA,NA,NA,2,NA,NA,2,NA,NA,0.49041095890411,0.10958904109589,0.153424657534247,0.380821917808219,177,92,150,92,511,NA,NA,NA,NA,NA,NA,NA,NA,NA,NA,NA,NA,NA,NA,NA,NA,NA,NA,NA,NA,NA,NA,NA,NA,NA,NA,NA,NA,NA,NA,NA,NA,NA,NA,NA,NA,NA,NA,NA,NA,NA,NA,NA,NA,NA,NA,NA
"143","Papua New Guinea",35,30,170,0,200,NA,2,2,2,NA,2,2,NA,2,0.547945205479452,0.0821917808219178,0.0958904109589041,0.465753424657534,191,159,163,159,672,20201215,0,2,1,3,0,0,0,2,0,2,0,0,2,1,2,0,0,3,0,0,729,8,37.96,40.62,50,NA,NA,NA,NA,NA,NA,NA,NA,NA,NA,NA,NA,NA,NA,NA,NA,NA,NA,NA,NA,NA
"144","Poland",58,96,42,39,177,NA,NA,NA,NA,NA,NA,NA,NA,NA,0.484931506849315,0.263013698630137,0.158904109589041,0.115068493150685,79,84,56,84,303,20201215,3,2,2,4,1,1,1,3,2,1,0,0,2,2,1,0,0,3,0,3,1147446,23309,75,69.79,75,29,35,23,26,61,61,68,69,68,362,205,122,NA,NA,NA,NA,NA,NA,NA,NA,NA
"145","Democratic People's Republic of Korea",44,28,122,41,191,NA,NA,NA,NA,NA,NA,NA,NA,NA,0.523287671232877,0.0767123287671233,0.120547945205479,0.334246575342466,168,138,168,138,612,NA,NA,NA,NA,NA,NA,NA,NA,NA,NA,NA,NA,NA,NA,NA,NA,NA,NA,NA,NA,NA,NA,NA,NA,NA,NA,NA,NA,NA,NA,NA,NA,NA,NA,NA,NA,NA,NA,NA,NA,NA,NA,NA,NA,NA,NA,NA
"146","Portugal",84,34,84,33,151,NA,NA,NA,NA,NA,NA,NA,NA,NA,0.413698630136986,0.0931506849315069,0.23013698630137,0.23013698630137,121,19,156,19,315,20201215,1,2,2,4,1,2,0,3,1,2,0,0,2,3,1,0,0,3,0,2,353576,5733,63.89,63.54,75,38,26,20,25,57,57,54,51,53,298,158,114,22,3.2,28,2.9,21,2.6,16,2.6,87
"147","Paraguay",54,158,0,23,181,3,3,3,3,3,2,2,2,3,0.495890410958904,0.432876712328767,0.147945205479452,0,1,103,17,103,224,20201215,3,3,2,2,0,2,0,1,1,2,0,0,2,2,2,0,0,3,0,1,95353,1991,58.33,59.38,75,NA,NA,NA,NA,NA,NA,NA,NA,NA,NA,NA,NA,NA,NA,NA,NA,NA,NA,NA,NA,NA
"148","State of Palestine",36,83,0,116,199,2,NA,1,2,2,2,2,2,2,0.545205479452055,0.227397260273973,0.0986301369863014,0,1,156,67,156,380,NA,NA,NA,NA,NA,NA,NA,NA,NA,NA,NA,NA,NA,NA,NA,NA,NA,NA,NA,NA,NA,NA,NA,NA,NA,NA,NA,NA,NA,NA,NA,NA,NA,NA,NA,NA,NA,NA,NA,NA,NA,NA,NA,NA,NA,NA,NA
"149","Qatar",66,68,0,101,169,2,2,2,3,2,2,2,2,2,0.463013698630137,0.186301369863014,0.180821917808219,0,1,57,96,57,211,20201215,2,1,2,3,1,1,1,3,2,1,0,0,2,3,2,0,0,2,0,1,141272,241,64.81,61.98,62.5,35,9,37,41,24,25,18,19,21,116,58,49,10,4,15,4.4,8,3.4,7,3.9,40
"150","Romania",78,108,0,49,157,1,1,1,2,2,2,2,2,2,0.43013698630137,0.295890410958904,0.213698630136986,0,1,30,41,30,102,20201215,3,2,2,4,0,2,2,3,2,2,0,0,2,2,2,0,0,4,0,1,565758,13698,76.85,72.92,87.5,7,57,40,47,44,44,31,26,24,226,81,88,15,4.3,13,4.2,NA,NA,NA,NA,NA
"151","Russian Federation",68,0,102,65,167,NA,NA,NA,NA,NA,NA,NA,NA,NA,0.457534246575342,0,0.186301369863014,0.279452054794521,146,53,189,53,441,NA,NA,NA,NA,NA,NA,NA,NA,NA,NA,NA,NA,NA,NA,NA,NA,NA,NA,NA,NA,NA,NA,NA,NA,NA,NA,NA,NA,NA,NA,NA,NA,NA,NA,NA,NA,NA,NA,35,4.5,35,4.2,29,3.3,32,3,131
"152","Rwanda",10,137,15,73,225,NA,NA,NA,NA,NA,NA,NA,NA,NA,0.616438356164384,0.375342465753425,0.0273972602739726,0.0410958904109589,62,193,28,193,476,20201215,0,2,2,3,1,2,2,1,1,2,0,0,2,3,2,0,0,3,0,0,6832,57,58.8,58.07,62.5,NA,NA,NA,NA,NA,NA,NA,NA,NA,NA,NA,NA,NA,NA,NA,NA,NA,NA,NA,NA,NA
"153","Saudi Arabia",72,163,0,0,163,NA,NA,NA,NA,NA,NA,NA,NA,NA,0.446575342465753,0.446575342465753,0.197260273972603,0,1,44,16,44,105,20201215,3,1,2,3,0,0,0,3,2,1,0,0,2,3,2,0,0,3,0,1,360155,6069,53.7,57.29,62.5,30,34,46,35,53,53,13,6,8,167,27,106,3,2.5,5,2.6,4,3.6,4,4.1,16
"154","Sudan",146,86,3,0,89,1,2,2,2,1,3,2,2,3,0.243835616438356,0.235616438356164,0.4,0.00821917808219178,29,1,65,1,96,20201215,3,1,0,0,0,0,0,1,1,0,0,0,1,1,1,0,0,1,0,0,22082,1372,21.3,21.88,25,NA,NA,NA,NA,NA,NA,NA,NA,NA,NA,NA,NA,NA,NA,NA,NA,NA,NA,NA,NA,NA
"155","Senegal",63,63,62,47,172,1,2,2,NA,2,2,2,2,2,0.471232876712329,0.172602739726027,0.172602739726027,0.16986301369863,94,69,110,69,342,20201215,0,2,2,2,0,0,0,3,0,0,0,0,2,2,2,0,0,3,0,0,17216,350,43.52,39.58,0,NA,NA,NA,NA,NA,NA,NA,NA,NA,NA,NA,NA,NA,NA,NA,NA,NA,NA,NA,NA,NA
"156","Singapore",50,19,128,38,185,NA,NA,NA,NA,NA,NA,NA,NA,NA,0.506849315068493,0.0520547945205479,0.136986301369863,0.350684931506849,170,120,176,120,586,20201215,1,2,1,4,0,1,0,3,2,2,0,0,2,2,2,0,0,4,0,2,58341,29,50.93,61.98,100,55,9,19,21,76,76,75,76,76,388,227,152,40,4,40,3.9,34,3.9,34,3.4,148
"157","Solomon Islands",46,19,155,15,189,1,1,1,1,2,1,1,1,1,0.517808219178082,0.0520547945205479,0.126027397260274,0.424657534246575,187,132,176,132,627,20201215,0,0,1,0,1,0,1,4,0,1,0,0,2,1,0,0,0,4,0,0,17,0,36.11,31.77,25,NA,NA,NA,NA,NA,NA,NA,NA,NA,NA,NA,NA,NA,NA,NA,NA,NA,NA,NA,NA,NA
"158","Sierra Leone",68,53,100,14,167,1,1,2,2,2,2,3,2,2,0.457534246575342,0.145205479452055,0.186301369863014,0.273972602739726,143,53,126,53,375,20201215,1,0,1,3,1,0,0,1,0,0,0,0,2,2,2,0,0,3,0,1,2451,75,37.04,38.02,0,NA,NA,NA,NA,NA,NA,NA,NA,NA,NA,NA,NA,NA,NA,NA,NA,NA,NA,NA,NA,NA
"159","El Salvador",30,205,0,0,205,1,1,1,2,1,2,2,2,2,0.561643835616438,0.561643835616438,0.0821917808219178,0,1,174,2,174,351,20201215,3,1,1,1,0,2,1,1,1,2,0,0,2,3,1,0,0,3,0,2,42132,1212,47.22,54.17,75,NA,NA,NA,74,NA,NA,NA,NA,NA,NA,NA,NA,NA,NA,NA,NA,NA,NA,NA,NA,NA
"160","San Marino",76,64,95,0,159,NA,NA,NA,NA,NA,NA,NA,NA,NA,0.435616438356164,0.175342465753425,0.208219178082192,0.26027397260274,138,36,108,36,318,20201215,2,1,2,4,0,0,0,2,1,2,0,0,2,3,2,0,0,3,0,0,1982,52,50,54.69,75,NA,NA,NA,NA,NA,NA,NA,NA,NA,NA,NA,NA,NA,NA,NA,NA,NA,NA,NA,NA,NA
"161","Somalia",44,75,101,15,191,1,2,NA,3,NA,2,2,2,2,0.523287671232877,0.205479452054795,0.120547945205479,0.276712328767123,145,138,81,138,502,20201215,1,0,1,4,0,1,0,1,0,0,0,0,2,2,1,0,0,2,0,0,4579,121,37.96,31.77,0,NA,NA,NA,NA,NA,NA,NA,NA,NA,NA,NA,NA,NA,NA,NA,NA,NA,NA,NA,NA,NA
"162","Serbia",74,77,84,0,161,2,1,2,3,1,2,3,2,2,0.441095890410959,0.210958904109589,0.202739726027397,0.23013698630137,121,40,74,40,275,20201215,2,2,2,4,0,1,1,1,2,1,0,0,2,2,2,0,0,3,0,1,277248,2433,60.19,58.85,62.5,NA,NA,58,63,41,41,33,33,33,NA,99,82,NA,NA,NA,NA,NA,NA,NA,NA,NA
"163","South Sudan",21,141,9,64,214,2,2,2,2,3,3,2,2,3,0.586301369863014,0.386301369863014,0.0575342465753425,0.0246575342465753,59,187,23,187,456,20201215,1,0,2,2,0,1,1,2,0,0,0,0,2,2,2,0,0,3,NA,0,3222,62,46.3,41.15,0,NA,NA,NA,NA,NA,NA,NA,NA,NA,NA,NA,NA,NA,NA,NA,NA,NA,NA,NA,NA,NA
"164","Sao Tome and Principe",90,42,81,22,145,1,1,1,1,1,2,1,1,2,0.397260273972603,0.115068493150685,0.246575342465753,0.221917808219178,118,10,143,10,281,NA,NA,NA,NA,NA,NA,NA,NA,NA,NA,NA,NA,NA,NA,NA,NA,NA,NA,NA,NA,NA,NA,NA,NA,NA,NA,NA,NA,NA,NA,NA,NA,NA,NA,NA,NA,NA,NA,NA,NA,NA,NA,NA,NA,NA,NA,NA
"165","Suriname",69,99,67,0,166,1,1,1,1,1,1,1,2,2,0.454794520547945,0.271232876712329,0.189041095890411,0.183561643835616,99,48,51,48,246,20201215,3,2,2,3,0,2,0,3,1,2,0,0,2,2,1,0,0,4,0,2,5381,117,64.81,63.54,75,NA,NA,NA,NA,NA,NA,NA,NA,NA,NA,NA,NA,NA,NA,NA,NA,NA,NA,NA,NA,NA
"166","Slovakia",63,51,28,93,172,NA,NA,NA,NA,NA,NA,NA,NA,NA,0.471232876712329,0.13972602739726,0.172602739726027,0.0767123287671233,67,69,129,69,334,NA,NA,NA,NA,NA,NA,NA,NA,NA,NA,NA,NA,NA,NA,NA,NA,NA,NA,NA,NA,NA,NA,NA,NA,NA,NA,NA,NA,NA,NA,NA,NA,NA,NA,NA,NA,NA,NA,NA,NA,NA,NA,NA,NA,NA,NA,NA
"167","Slovenia",58,83,55,39,177,NA,NA,NA,NA,NA,NA,NA,NA,NA,0.484931506849315,0.227397260273973,0.158904109589041,0.150684931506849,87,84,67,84,322,20201215,3,2,2,4,1,2,2,2,2,1,0,0,2,2,1,0,0,4,0,2,98281,2149,81.48,72.92,75,34,30,41,53,75,75,57,65,66,368,188,150,NA,NA,NA,NA,NA,NA,NA,NA,NA
"168","Sweden",48,0,115,72,187,NA,NA,NA,NA,NA,NA,NA,NA,NA,0.512328767123288,0,0.131506849315068,0.315068493150685,161,124,189,124,598,20201215,2,2,2,4,1,1,1,3,2,1,0,0,2,2,1,0,0,0,0,3,341029,7514,69.44,59.38,62.5,59,5,8,9,86,86,66,61,59,363,186,172,25,2.5,29,3.2,18,2.8,24,3.3,96
"169","Eswatini",23,100,6,106,212,1,2,2,2,2,3,3,3,3,0.580821917808219,0.273972602739726,0.063013698630137,0.0164383561643836,51,181,49,181,462,20201215,2,1,1,3,0,1,1,2,1,1,0,0,2,2,1,0,0,2,0,0,6912,132,50.93,45.31,50,NA,NA,NA,NA,NA,NA,NA,NA,NA,NA,NA,NA,NA,NA,NA,NA,NA,NA,NA,NA,NA
"170","Seychelles",30,12,148,45,205,NA,NA,NA,NA,NA,NA,NA,NA,NA,0.561643835616438,0.0328767123287671,0.0821917808219178,0.405479452054795,180,174,182,174,710,20201215,1,0,1,1,0,0,0,3,2,0,0,0,2,2,2,0,0,1,0,0,185,0,31.48,34.38,37.5,NA,NA,NA,NA,34,34,NA,NA,NA,NA,NA,68,NA,NA,NA,NA,NA,NA,NA,NA,NA
"171","Syrian Arab Republic",81,55,10,89,154,NA,1,1,2,3,NA,2,NA,NA,0.421917808219178,0.150684931506849,0.221917808219178,0.0273972602739726,61,27,120,27,235,NA,NA,NA,NA,NA,NA,NA,NA,NA,NA,NA,NA,NA,NA,NA,NA,NA,NA,NA,NA,NA,NA,NA,NA,NA,NA,NA,NA,NA,NA,NA,NA,NA,NA,NA,NA,NA,NA,NA,NA,NA,NA,NA,NA,NA,NA,NA
"172","Turks and Caicos Islands",60,97,78,0,175,1,2,1,2,2,2,2,2,2,0.479452054794521,0.265753424657534,0.164383561643836,0.213698630136986,112,79,55,79,325,NA,NA,NA,NA,NA,NA,NA,NA,NA,NA,NA,NA,NA,NA,NA,NA,NA,NA,NA,NA,NA,NA,NA,NA,NA,NA,NA,NA,NA,NA,NA,NA,NA,NA,NA,NA,NA,NA,NA,NA,NA,NA,NA,NA,NA,NA,NA
"173","Chad",50,119,44,22,185,1,NA,1,2,1,3,1,1,2,0.506849315068493,0.326027397260274,0.136986301369863,0.120547945205479,82,120,34,120,356,20201215,1,1,2,4,1,2,2,2,0,1,0,0,2,1,2,0,0,4,0,0,1784,102,70.37,57.29,25,NA,NA,NA,NA,NA,NA,NA,NA,NA,NA,NA,NA,NA,NA,NA,NA,NA,NA,NA,NA,NA
"174","Togo",102,52,64,17,133,1,1,1,2,1,2,2,1,2,0.364383561643836,0.142465753424658,0.279452054794521,0.175342465753425,96,4,127,4,231,20201215,1,2,1,3,1,2,2,2,1,2,0,0,2,2,1,0,0,3,0,2,3295,66,61.11,58.85,75,NA,NA,NA,NA,NA,NA,NA,NA,NA,NA,NA,NA,NA,NA,NA,NA,NA,NA,NA,NA,NA
"175","Thailand",54,64,97,20,181,1,1,NA,NA,1,NA,NA,1,NA,0.495890410958904,0.175342465753425,0.147945205479452,0.265753424657534,140,103,108,103,454,20201215,1,1,1,2,1,1,1,2,2,2,0,0,2,2,2,0,0,3,0,1,4261,60,50,57.03,100,21,43,48,46,39,39,11,22,24,178,57,78,NA,NA,NA,NA,NA,NA,NA,NA,NA
"176","Tajikistan",97,0,138,0,138,NA,NA,NA,NA,NA,NA,NA,NA,NA,0.378082191780822,0,0.265753424657534,0.378082191780822,176,5,189,5,375,20201215,1,0,2,3,0,0,0,3,1,1,0,0,2,1,1,0,0,3,0,0,12960,87,42.59,40.1,50,NA,NA,NA,NA,NA,NA,NA,NA,NA,NA,NA,NA,NA,NA,NA,NA,NA,NA,NA,NA,NA
"177","Tokelau",29,0,198,8,206,NA,NA,NA,NA,NA,NA,NA,NA,NA,0.564383561643836,0,0.0794520547945206,0.542465753424658,198,177,189,177,741,NA,NA,NA,NA,NA,NA,NA,NA,NA,NA,NA,NA,NA,NA,NA,NA,NA,NA,NA,NA,NA,NA,NA,NA,NA,NA,NA,NA,NA,NA,NA,NA,NA,NA,NA,NA,NA,NA,NA,NA,NA,NA,NA,NA,NA,NA,NA
"178","Turkmenistan",66,0,169,0,169,1,1,1,1,1,1,1,1,1,0.463013698630137,0,0.180821917808219,0.463013698630137,190,57,189,57,493,20201215,1,3,2,1,2,0,2,4,0,1,0,0,2,0,0,0,0,3,0,0,NA,NA,73.15,48.96,25,NA,NA,NA,NA,6,6,NA,NA,NA,NA,NA,12,NA,NA,NA,NA,NA,NA,NA,NA,NA
"179","Timor-Leste",22,56,157,0,213,1,2,2,NA,2,2,2,1,3,0.583561643835616,0.153424657534247,0.0602739726027397,0.43013698630137,188,185,118,185,676,20201215,1,0,0,0,0,2,0,2,1,0,0,0,2,1,2,0,0,3,0,0,31,0,27.78,31.77,25,NA,NA,NA,NA,NA,NA,NA,NA,NA,NA,NA,NA,NA,NA,NA,NA,NA,NA,NA,NA,NA
"180","Tonga",21,12,202,0,214,1,1,1,2,2,3,2,1,2,0.586301369863014,0.0328767123287671,0.0575342465753425,0.553424657534247,199,187,182,187,755,20201215,1,0,1,3,0,2,0,4,0,0,0,0,2,1,1,0,0,0,0,0,NA,NA,47.22,31.77,0,NA,NA,NA,NA,NA,NA,NA,NA,NA,NA,NA,NA,NA,NA,NA,NA,NA,NA,NA,NA,NA
"181","Trinidad and Tobago",69,90,3,73,166,1,2,1,2,2,2,2,2,2,0.454794520547945,0.246575342465753,0.189041095890411,0.00821917808219178,29,48,60,48,185,20201215,3,2,2,4,1,0,0,4,1,0,0,0,2,1,2,0,0,4,0,1,6900,123,68.52,56.77,12.5,NA,NA,NA,NA,33,33,NA,NA,NA,NA,NA,66,NA,NA,NA,NA,NA,NA,NA,NA,NA
"182","Tunisia",71,75,3,86,164,1,2,1,2,1,2,1,1,2,0.449315068493151,0.205479452054795,0.194520547945205,0.00821917808219178,29,45,81,45,200,20201215,2,1,2,4,0,2,2,2,1,2,0,0,2,1,1,0,0,4,0,2,113241,3956,68.52,63.54,75,NA,NA,63,67,32,32,NA,NA,NA,NA,NA,64,NA,NA,NA,NA,NA,NA,NA,NA,NA
"183","Turkey",62,129,3,41,173,NA,NA,NA,NA,NA,NA,NA,NA,NA,0.473972602739726,0.353424657534247,0.16986301369863,0.00821917808219178,29,74,31,74,208,20201215,2,2,2,4,1,1,1,1,2,2,637989739.04,0,2,2,2,0,0,4,0,3,1898447,16881,62.5,69.01,87.5,18,46,31,31,38,38,38,37,39,236,114,76,20,4.3,26,3.7,19,4.4,19,4.2,84
"184","Tuvalu",40,11,149,35,195,1,1,1,1,1,1,1,1,1,0.534246575342466,0.0301369863013699,0.10958904109589,0.408219178082192,182,146,185,146,659,NA,NA,NA,NA,NA,NA,NA,NA,NA,NA,NA,NA,NA,NA,NA,NA,NA,NA,NA,NA,NA,NA,NA,NA,NA,NA,NA,NA,NA,NA,NA,NA,NA,NA,NA,NA,NA,NA,NA,NA,NA,NA,NA,NA,NA,NA,NA
"185","United Republic of Tanzania",31,52,132,20,204,NA,NA,NA,NA,NA,NA,NA,NA,NA,0.558904109589041,0.142465753424658,0.0849315068493151,0.361643835616438,173,170,127,170,640,NA,NA,NA,NA,NA,NA,NA,NA,NA,NA,NA,NA,NA,NA,NA,NA,NA,NA,NA,NA,NA,NA,NA,NA,NA,NA,NA,NA,NA,NA,NA,NA,NA,NA,NA,NA,NA,NA,NA,NA,NA,NA,NA,NA,NA,NA,NA
"186","Uganda",45,149,7,34,190,1,1,2,2,2,2,2,1,2,0.520547945205479,0.408219178082192,0.123287671232877,0.0191780821917808,55,134,19,134,342,20201215,2,2,1,2,0,2,0,1,0,0,0,0,2,1,1,0,0,2,0,2,28168,225,47.22,38.28,0,NA,NA,NA,NA,NA,NA,NA,NA,NA,NA,NA,NA,NA,NA,NA,NA,NA,NA,NA,NA,NA
"187","Ukraine",55,89,90,1,180,2,1,1,1,3,3,2,2,2,0.493150684931507,0.243835616438356,0.150684931506849,0.246575342465753,129,97,62,97,385,20201215,3,2,1,3,2,1,2,2,1,1,0,0,2,3,2,0,0,3,0,3,934161,16038,61.57,61.72,37.5,22,42,38,40,NA,NA,38,36,41,NA,115,NA,NA,NA,NA,NA,NA,NA,NA,NA,NA
"188","Uruguay",84,20,37,94,151,3,3,2,3,2,2,3,2,2,0.413698630136986,0.0547945205479452,0.23013698630137,0.101369863013699,72,19,174,19,284,20201215,1,2,2,3,0,0,0,3,2,2,0,0,2,3,1,0,0,2,0,2,10418,98,50,55.73,87.5,NA,NA,56,56,43,43,30,21,24,NA,75,86,NA,NA,NA,NA,NA,NA,NA,NA,NA
"189","United States",43,0,0,192,192,NA,NA,NA,NA,NA,NA,NA,NA,NA,0.526027397260274,0,0.117808219178082,0,1,142,189,142,474,20201215,3,2,2,4,1,2,2,3,2,1,0,0,2,3,1,0,0,4,1,2,16886630,308199,71.76,68.44,62.5,NA,NA,NA,NA,NA,NA,NA,NA,NA,NA,NA,NA,28,4.8,30,4.7,24,2.5,27,2.7,109
"190","Uzbekistan",82,54,94,5,153,2,2,3,3,3,3,3,2,2,0.419178082191781,0.147945205479452,0.224657534246575,0.257534246575342,137,23,123,23,306,20201215,1,1,1,3,0,1,0,2,1,1,0,0,2,1,2,0,0,2,0,1,75241,612,39.81,42.19,50,NA,NA,NA,72,NA,NA,NA,NA,NA,NA,NA,NA,NA,NA,NA,NA,NA,NA,NA,NA,NA
"191","Saint Vincent and the Grenadines",54,50,77,54,181,1,2,1,2,2,2,2,2,2,0.495890410958904,0.136986301369863,0.147945205479452,0.210958904109589,111,103,130,103,447,NA,NA,NA,NA,NA,NA,NA,NA,NA,NA,NA,NA,NA,NA,NA,NA,NA,NA,NA,NA,NA,NA,NA,NA,NA,NA,NA,NA,NA,NA,NA,NA,NA,NA,NA,NA,NA,NA,NA,NA,NA,NA,NA,NA,NA,NA,NA
"192","Venezuela (Bolivarian Republic of)",62,170,3,0,173,NA,NA,NA,NA,NA,NA,NA,NA,NA,0.473972602739726,0.465753424657534,0.16986301369863,0.00821917808219178,29,74,12,74,189,NA,NA,NA,NA,NA,NA,NA,NA,NA,NA,NA,NA,NA,NA,NA,NA,NA,NA,NA,NA,NA,NA,NA,NA,NA,NA,NA,NA,NA,NA,NA,NA,NA,NA,NA,NA,NA,NA,NA,NA,NA,NA,NA,NA,NA,NA,NA
"193","British Virgin Islands",66,43,6,120,169,1,2,1,2,2,2,2,2,2,0.463013698630137,0.117808219178082,0.180821917808219,0.0164383561643836,51,57,141,57,306,NA,NA,NA,NA,NA,NA,NA,NA,NA,NA,NA,NA,NA,NA,NA,NA,NA,NA,NA,NA,NA,NA,NA,NA,NA,NA,NA,NA,NA,NA,NA,NA,NA,NA,NA,NA,NA,NA,NA,NA,NA,NA,NA,NA,NA,NA,NA
"194","Viet Nam",66,24,117,28,169,NA,NA,NA,NA,NA,NA,NA,NA,NA,0.463013698630137,0.0657534246575342,0.180821917808219,0.320547945205479,163,57,170,57,447,NA,NA,NA,NA,NA,NA,NA,NA,NA,NA,NA,NA,NA,NA,NA,NA,NA,NA,NA,NA,NA,NA,NA,NA,NA,NA,NA,NA,NA,NA,NA,NA,NA,NA,NA,NA,NA,NA,NA,NA,NA,NA,NA,NA,NA,NA,NA
"195","Vanuatu",31,13,185,6,204,1,1,1,3,1,2,2,1,1,0.558904109589041,0.0356164383561644,0.0849315068493151,0.506849315068493,197,170,181,170,718,20201215,0,0,0,0,0,0,2,4,0,1,0,0,2,1,2,0,0,0,0,0,1,0,30.56,28.65,25,NA,NA,NA,NA,NA,NA,NA,NA,NA,NA,NA,NA,NA,NA,NA,NA,NA,NA,NA,NA,NA
"196","Samoa",40,21,174,0,195,2,2,NA,2,NA,3,2,3,2,0.534246575342466,0.0575342465753425,0.10958904109589,0.476712328767123,192,146,172,146,656,NA,NA,NA,NA,NA,NA,NA,NA,NA,NA,NA,NA,NA,NA,NA,NA,NA,NA,NA,NA,NA,NA,NA,NA,NA,NA,NA,NA,NA,NA,NA,NA,NA,NA,NA,NA,NA,NA,NA,NA,NA,NA,NA,NA,NA,NA,NA
"197","Yemen",48,70,90,27,187,1,1,1,1,1,1,1,1,2,0.512328767123288,0.191780821917808,0.131506849315068,0.246575342465753,129,124,91,124,468,20201215,0,0,0,0,0,0,1,2,0,0,0,0,1,1,1,0,0,1,0,0,2085,606,16.67,16.15,0,NA,NA,NA,NA,NA,NA,NA,NA,NA,NA,NA,NA,NA,NA,NA,NA,NA,NA,NA,NA,NA
"198","South Africa",46,54,95,40,189,2,2,2,1,1,2,2,3,2,0.517808219178082,0.147945205479452,0.126027397260274,0.26027397260274,138,132,123,132,525,20201215,1,1,1,2,1,2,0,1,1,2,0,0,2,3,2,0,0,3,0,3,873679,23661,45.37,58.33,75,12,52,32,33,21,21,NA,NA,NA,NA,NA,42,2,2.3,1,3.1,1,3.6,1,4.9,5
"199","Zambia",69,29,85,52,166,1,2,2,2,1,3,2,2,2,0.454794520547945,0.0794520547945206,0.189041095890411,0.232876712328767,124,48,166,48,386,20201215,2,2,1,4,0,1,0,1,0,1,0,0,2,3,2,0,0,3,0,0,18428,368,49.07,47.92,25,NA,NA,NA,NA,20,20,NA,NA,NA,NA,NA,40,NA,NA,NA,NA,NA,NA,NA,NA,NA
"200","Zimbabwe",59,98,38,40,176,2,2,1,2,1,2,2,1,2,0.482191780821918,0.268493150684932,0.161643835616438,0.104109589041096,73,80,54,80,287,20201215,1,1,2,3,1,2,2,2,1,0,0,0,2,1,1,0,0,3,0,0,11522,310,67.59,51.04,25,NA,NA,NA,NA,NA,NA,NA,NA,NA,NA,NA,NA,NA,NA,NA,NA,NA,NA,NA,NA,NA
"201",NA,NA,NA,NA,NA,NA,NA,NA,NA,NA,NA,NA,NA,NA,NA,NA,NA,NA,NA,NA,NA,NA,NA,NA,NA,NA,NA,NA,NA,NA,NA,NA,NA,NA,NA,NA,NA,NA,NA,NA,NA,NA,NA,NA,NA,NA,NA,NA,NA,NA,NA,NA,NA,NA,NA,NA,NA,NA,NA,NA,NA,NA,NA,NA,NA,NA,NA,NA,NA,NA,NA
